{
  "scale": 0.2,
  "effects": {
    "mood_sound": {
      "sound": "minecraft:ambient.cave",
      "tick_delay": 6000,
      "block_search_extent": 8,
      "offset": 2.0
    },
    "foliage_color": 8076630,
    "grass_color": 8076630,
    "sky_color": 0,
    "fog_color": 10518688,
    "water_color": 9851020,
    "water_fog_color": 5055826
  },
  "surface_builder": "minecraft:end",
  "carvers": {
    "air": [
      "minecraft:cave"
,
      "minecraft:nether_cave"    ]
  },
  "features": [
    [],
    [],
    [],
    [],
    [
      "minecraft:end_gateway"
    ],
    [],
    [],
    [      "world_end:base_end_stone",      "world_end:obsidian_snow",      "world_end:obsidian_packed_ice",
    "world_end:patch_mycelium"
    ],
    [
      "minecraft:chorus_plant"
    ]
  ],
  "starts": [
    "minecraft:end_city"
  ],
  "spawners": {
    "monster": [
      {
        "type": "minecraft:enderman",
        "weight": 10,
        "minCount": 4,
        "maxCount": 4
      },

    {
        "type": "minecraft:endermite",
        "weight": 100,
        "minCount": 8,
        "maxCount": 8
      }

    ],
    "creature": [],
    "ambient": [],
    "water_creature": [],
    "water_ambient": [],
    "misc": []
  },
  "spawn_costs": {},
  "player_spawn_friendly": false,
  "precipitation": "none",
  "temperature": 0.5,
  "downfall": 0.5,
  "category": "the_end",
  "depth": 0.1
}