{
  "scale": 0.025,
  "effects": {
    "mood_sound": {
      "sound": "minecraft:ambient.cave",
      "tick_delay": 6000,
      "block_search_extent": 8,
      "offset": 2.0
    },
    "particle": {
      "options": {
        "type": "minecraft:warped_spore"
      },
      "probability": 0.01428
    },
    "foliage_color": 8076630,
    "grass_color": 8076630,
    "sky_color": 0,
    "fog_color": 6991001,
    "water_color": 63946,
    "water_fog_color": 63946

  },
  "surface_builder": "world_end:swamp",
  "carvers": {},
  "features": [
    [],
    [
      "minecraft:lake_water"
    ],
    [],
    [
      "minecraft:fossil",
      "minecraft:monster_room"
    ],
    [],
    [],
    [
      "world_end:base_red_sandstone",
    "world_end:patch_warped_nylium"
    ],
    [],
    [

      "world_end:twisting_vines",    "minecraft:nether_sprouts",
      "world_end:warped_fungus",
      "world_end:sea_pickle",
      "world_end:warped_roots"    ],
    [
      "minecraft:freeze_top_layer"
    ]
  ],
  "starts": [
    "minecraft:nether_fossil"
    ],
  "spawners": {
    "monster": [
      {
        "type": "minecraft:zombie",
        "weight": 95,
        "minCount": 4,
        "maxCount": 4
      },
      {
        "type": "minecraft:creeper",
        "weight": 100,
        "minCount": 4,
        "maxCount": 4
      },
      {
        "type": "minecraft:slime",
        "weight": 100,
        "minCount": 4,
        "maxCount": 4
      },
      {
        "type": "minecraft:enderman",
        "weight": 10,
        "minCount": 1,
        "maxCount": 4
      },
      {
        "type": "minecraft:witch",
        "weight": 5,
        "minCount": 1,
        "maxCount": 1
      },
      {
        "type": "minecraft:slime",
        "weight": 1,
        "minCount": 1,
        "maxCount": 1
      }
    
],
    "creature": [
      {
        "type": "minecraft:fox",
        "weight": 8,
        "minCount": 2,
        "maxCount": 4
      }
    ],
    "ambient": [],
    "water_creature": [],
    "water_ambient": [],
    "misc": []
  },
  "spawn_costs": {},
  "player_spawn_friendly": false,
  "precipitation": "rain",
  "temperature": 2.0,
  "downfall": 0.0,
  "category": "desert",
  "depth": -0.2
}