{
  "scale": 0.2,
  "effects": {
    "mood_sound": {
      "sound": "minecraft:ambient.warped_forest.mood",
      "tick_delay": 6000,
      "block_search_extent": 8,
      "offset": 2.0
    },
    "additions_sound": {
      "sound": "minecraft:ambient.warped_forest.additions",
      "tick_chance": 0.0111
    },
    "music": {
      "sound": "minecraft:music.nether.warped_forest",
      "min_delay": 12000,
      "max_delay": 24000,
      "replace_current_music": false
    },
    "particle": {
      "options": {
        "type": "minecraft:warped_spore"
      },
      "probability": 0.01428
    },
    "ambient_sound": "minecraft:ambient.warped_forest.loop",
    "foliage_color": 8076630,
    "grass_color": 8076630,
    "sky_color": 0,
    "fog_color": 6991001,
    "water_color": 63946,
    "water_fog_color": 63946
  },
  "surface_builder": "minecraft:warped_forest",
  "carvers": {

    "air": [
      "minecraft:cave",
      "minecraft:nether_cave"
    ]
  },
  "features": [
    [],
    [],
    [],
    [],
    [],
    [],
    [],
    [      "world_end:obsidian_snow",      "world_end:obsidian_packed_ice"
,
    "world_end:ore_glowstone",      "world_end:base_end_stone",
      "minecraft:ore_gold_nether",
      "minecraft:ore_quartz_nether",
      "minecraft:ore_debris_large",
      "minecraft:ore_debris_small"
    ],
    [
      "minecraft:warped_fungi",
      "minecraft:warped_forest_vegetation",
      "minecraft:nether_sprouts",
      "minecraft:twisting_vines",
    "minecraft:chorus_plant"
    ]
  ],
  "starts": [],
  "spawners": {
    "monster": [
      {
        "type": "minecraft:enderman",
        "weight": 1,
        "minCount": 4,
        "maxCount": 4
      },
      {
        "type": "minecraft:phantom",
        "weight": 5,
        "minCount": 2,
        "maxCount": 4
      }
    ],
    "creature": [
      {
        "type": "minecraft:strider",
        "weight": 60,
        "minCount": 1,
        "maxCount": 2
      }
    ],
    "ambient": [],
    "water_creature": [],
    "water_ambient": [],
    "misc": []
  },
  "spawn_costs": {
    "minecraft:enderman": {
      "energy_budget": 0.12,
      "charge": 1.0
    }
  },
  "player_spawn_friendly": false,
  "precipitation": "none",
  "temperature": 2.0,
  "downfall": 0.0,
  "category": "nether",
  "depth": 0.1
}