{
  "scale": 0.45,
  "effects": {
    "mood_sound": {
      "sound": "minecraft:ambient.cave",
      "tick_delay": 6000,
      "block_search_extent": 8,
      "offset": 2.0
    },
    "foliage_color": 8076630,
    "grass_color": 8076630,
    "sky_color": 0,
    "fog_color": 16119285,
    "water_color": 16119285,
    "water_fog_color": 16119285  },
  "surface_builder": "world_end:obsidian",
  "carvers": {
    "air": [
      "minecraft:cave"
,
      "minecraft:nether_cave",
      "minecraft:canyon"
    ]
  },
  "features": [
    [],
    [],
    [],
    [],
    [
      "minecraft:ice_spike",
      "minecraft:ice_spike",
      "minecraft:ice_spike"    ],
    [],
    [],
    [      "world_end:base_smooth_quartz",      "world_end:smooth_quartz_snow",      "world_end:smooth_quartz_packed_ice"
    ]
  ],
  "starts": [
],
  "spawners": {
    "monster": [      {
        "type": "minecraft:ghast",
        "weight": 50,
        "minCount": 1,
        "maxCount": 1
      }
    ],
    "creature": [
],
    "ambient": [],
    "water_creature": [],
    "water_ambient": [],
    "misc": []
  },
  "spawn_costs": {},
  "player_spawn_friendly": false,
  "precipitation": "none",
  "temperature": 0.5,
  "downfall": 0.5,
  "category": "the_end",
  "depth": 0.425
}