{
  "type": "bracken:omnidrome",
  "generator": {
    "type": "minecraft:noise",
    "seed": -1464245863,
    "biome_source": {
	 "humidity_noise": {
      "firstOctave": -7,
      "amplitudes": [
        1.0,
        1.0
      ]
    },
    "altitude_noise": {
      "firstOctave": -7,
      "amplitudes": [
        1.0,
        1.0
      ]
    },
    "weirdness_noise": {
      "firstOctave": -7,
      "amplitudes": [
        1.0,
        1.0
      ]
    },
    "temperature_noise": {
      "firstOctave": -7,
      "amplitudes": [
        1.0,
        1.0
      ]
    },
      "type": "minecraft:multi_noise",
      "seed": -1464245863,
      "biomes": [
        {
          "biome": "bracken:omnidrome",
          "parameters": {
            "altitude": 0,
            "temperature": 0.1,
            "humidity": 1,
            "weirdness": 0,
            "offset": 0
          }
        },
        {
          "biome": "bracken:omnidrome_2",
          "parameters": {
            "altitude": 0,
            "temperature": 0.2,
            "humidity": 1,
            "weirdness": 0.2,
            "offset": 0.1
          }
        },
        {
          "biome": "bracken:omnidrome_3",
          "parameters": {
            "altitude": 0,
            "temperature": 0.3,
            "humidity": 1,
            "weirdness": 0.2,
            "offset": 0.1
          }
        }
      ]
    },
    "settings": "bracken:omnidrome"
  }
}