{
  "type": "bracken:the_underdark",
  "generator": {
    "type": "minecraft:noise",
    "seed": -1464245863,
    "biome_source": {
   "humidity_noise": {
      "firstOctave": -7,
      "amplitudes": [
        1.0,
        1.0
      ]
    },
    "altitude_noise": {
      "firstOctave": -7,
      "amplitudes": [
        1.0,
        1.0
      ]
    },
    "weirdness_noise": {
      "firstOctave": -7,
      "amplitudes": [
        1.0,
        1.0
      ]
    },
    "temperature_noise": {
      "firstOctave": -7,
      "amplitudes": [
        1.0,
        1.0
      ]
    },
      "type": "minecraft:multi_noise",
      "seed": -1464245863,
      "biomes": [
        {
          "biome": "bracken:the_underdark_gravel_zone",
          "parameters": {
            "altitude": 0,
            "temperature": 0.2,
            "humidity": 0.2,
            "weirdness": 0.1,
            "offset": 0.2
          }
        },
        {
          "biome": "bracken:the_underdark_forest",
          "parameters": {
            "altitude": 0,
            "temperature": 0.4,
            "humidity": 0.1,
            "weirdness": 0.2,
            "offset": 0.1
          }
        },
        {
          "biome": "bracken:the_underdark_eroded",
          "parameters": {
            "altitude": 0,
            "temperature": 0.5,
            "humidity": 0.8,
            "weirdness": 0.3,
            "offset": 0.1
          }
        },
        {
          "biome": "bracken:the_underdark_crystal_caves",
          "parameters": {
            "altitude": 0,
            "temperature": 1,
            "humidity": 0.9,
            "weirdness": 0.4,
            "offset": 0.1
          }
        }
      ]
    },
    "settings": "bracken:the_underdark"
  }
}