{
  "type": "minecraft:block",
  "pools": [
    {
      "rolls": 1,
      "entries": [
        {
		  "type": "minecraft:alternatives",
          "children": [
		    {
			  "type": "minecraft:item",
              "name": "minecraft:gold_ingot",
			  "functions": [
			    {
                  "function": "minecraft:apply_bonus",
                  "enchantment": "minecraft:fortune",
                  "formula": "minecraft:ore_drops"
                }
			  ],
              "conditions": [
                {
                  "condition": "minecraft:match_tool",
                  "predicate": {
                    "nbt": "{Enchantments:[{id:'minecraft:smelting',lvl:1s}]}"
                  }
                }
              ]
			},
		    {
              "type": "minecraft:item",
              "name": "minecraft:gold_ore"
			}
		  ]
        }
      ],
      "conditions": [
        {
          "condition": "minecraft:survives_explosion"
        }
      ]
    }
  ]
}