{
  "name": "mmb:tribal_village/center",
  "fallback": "minecraft:empty",
  "elements": [
    {
      "weight": 1,
      "element": {
        "location": "mmb:tribal_village/center_1",
        "processors": "mmb:tribal_village_generic",
        "projection": "rigid",
        "element_type": "minecraft:legacy_single_pool_element"
      }
    },
    {
      "weight": 1,
      "element": {
        "location": "mmb:tribal_village/center_2",
        "processors": "mmb:tribal_village_generic",
        "projection": "rigid",
        "element_type": "minecraft:legacy_single_pool_element"
      }
    }
  ]
}