{
  "name": "mmb:tribal_village/road_end",
  "fallback": "minecraft:empty",
  "elements": [
    {
      "weight": 1,
      "element": {
        "location": "mmb:tribal_village/road_end_1",
        "processors": "mmb:tribal_village_road",
        "projection": "terrain_matching",
        "element_type": "minecraft:legacy_single_pool_element"
      }
    },
    {
      "weight": 1,
      "element": {
        "location": "mmb:tribal_village/road_end_2",
        "processors": "mmb:tribal_village_road",
        "projection": "terrain_matching",
        "element_type": "minecraft:legacy_single_pool_element"
      }
    },
    {
      "weight": 1,
      "element": {
        "location": "mmb:tribal_village/road_end_3",
        "processors": "mmb:tribal_village_road",
        "projection": "terrain_matching",
        "element_type": "minecraft:legacy_single_pool_element"
      }
    }
  ]
}