{
  "starts": ["bracken:dormis_box"],
  "spawners": {
    "water_ambient": [],
    "ambient": [
      {
        "type": "minecraft:bat",
        "weight": 10,
        "minCount": 4,
        "maxCount": 4
      }
    ],
    "misc": [],
    "water_creature": [],
    "creature": [
      {
        "type": "minecraft:enderman",
        "weight": 1,
        "minCount": 1,
        "maxCount": 1
      }
    ],
    "monster": [
           
      {
        "type": "minecraft:vindicator",
        "weight": 10,
        "minCount": 2,
        "maxCount": 2
      }
    ]
  },
  "spawn_costs": {},
  "surface_builder": "bracken:dormis",
  "carvers": {
    "air": [
      "minecraft:cave",
      "minecraft:canyon"
    ]
  },
  "features": [
    [],
    [
      "minecraft:lake_lava",
      "bracken:blobs4d",
      "bracken:basalt_pillar0",
      "bracken:forest_rock1d"
    ],
    [],
    [],
    [],
    [],
    [],
    [],
    [],
    [
      "minecraft:freeze_top_layer"
    ]
  ],
  "scale": 0.9,
  "temperature": 0.95,
  "downfall": 0.1,
  "effects": {
    "mood_sound": {
      "sound": "minecraft:ambient.cave",
      "tick_delay": 6000,
      "block_search_extent": 8,
      "offset": 2.0
    },
    "sky_color": 16777215,  
    "fog_color": 0,
    "water_color": 0,
    "water_fog_color": 0,
    "grass_color": 16777215,
    "foliage_colour": 16777215
},
  "precipitation": "none",
  "player_spawn_friendly": false,
  "category": "none",
  "depth": 0.1
}
