{
  "starts": [    
    "minecraft:igloo","bracken:glacium_ice"
  ],
  "spawners": {
    "water_ambient": [],
    "ambient": [],
    "misc": [],
    "water_creature": [],
    "creature": [
      {
        "type": "minecraft:wolf",
        "weight": 5,
        "minCount": 1,
        "maxCount": 3
      },
      {
        "type": "minecraft:polar_bear",
        "weight": 1,
        "minCount": 1,
        "maxCount": 1
      }
    ],
    "monster": [
      {
        "type": "minecraft:creeper",
        "weight": 1,
        "minCount": 1,
        "maxCount": 1
      },
      {
        "type": "minecraft:stray",
        "weight": 1,
        "minCount": 1,
        "maxCount": 1
      }
    ]
  },
  "spawn_costs": {},
  "surface_builder": "minecraft:grass",
  "carvers": {
    "air": [
      "minecraft:cave",
      "minecraft:canyon",
      "bracken:canyon0"
    ]
  },
  "features": [
    [],
    [
      "minecraft:lake_water"
    ],
    [
      "minecraft:iceberg_packed",
      "minecraft:iceberg_blue"
    ],
    [
      "minecraft:monster_room"
    ],
    [ "minecraft:ice_patch",
      "minecraft:blue_ice"
    ],
    [],
    [
      "minecraft:ore_dirt",
      "minecraft:ore_gravel",
      "minecraft:ore_andesite",
      "minecraft:ore_iron",
      "minecraft:ore_diamond",
      "minecraft:disk_clay",
      "minecraft:disk_gravel"
    ],
    [],
    [
      "minecraft:patch_tall_grass_2",
      "minecraft:spring_water",
      "minecraft:spring_lava",
      "minecraft:kelp_cold",
      "bracken:ice_tree",
      "bracken:ice_tree2"
    ],
    [
      "minecraft:freeze_top_layer"
    ]
  ],
  "scale": 0.9,
  "temperature": 0.0,
  "downfall": 0.1,
  "effects": {
    "mood_sound": {
      "sound": "minecraft:ambient.cave",
      "tick_delay": 6000,
      "block_search_extent": 8,
      "offset": 2.0
    },
    "sky_color": 0,	
    "fog_color": 5924999,
    "water_color": 4014691,
    "water_fog_color": 7897757,
    "grass_color": 5074010,
    "foliage_colour": 5074010
},
  "precipitation": "snow",
  "player_spawn_friendly": true,
  "category": "icy",
  "depth": 0.425
}
