{
  "starts": ["bracken:bastion_remnant1"],
  "spawners": {
    "water_ambient": [],
    "ambient": [],
    "misc": [],
    "water_creature": [],
    "creature": [
      {
        "type": "minecraft:vex",
        "weight": 2,
        "minCount": 1,
        "maxCount": 2
      },
      {
        "type": "minecraft:polar_bear",
        "weight": 1,
        "minCount": 4,
        "maxCount": 4
      },
      {
        "type": "minecraft:wolf",
        "weight": 1,
        "minCount": 4,
        "maxCount": 4
      }
    ],
    "monster": [
      {
        "type": "minecraft:vex",
        "weight": 10,
        "minCount": 4,
        "maxCount": 4
      }
    ]
  },
  "spawn_costs": {},
  "surface_builder": "bracken:glacium",
  "carvers": {
    "air": [
      "minecraft:cave",
      "bracken:cave0",
      "minecraft:canyon",
      "bracken:canyon0"
    ]
  },
  "features": [
    [],
    [
      "minecraft:lake_water",
      "lake_water0"
    ],
    [
      "minecraft:iceberg_packed",
      "minecraft:iceberg_blue"
    ],
    [
      "minecraft:monster_room"
    ],
    ["minecraft:ice_spike"
    ],
    [],
    [
      "minecraft:ore_dirt",
      "minecraft:ore_gravel",
      "minecraft:ore_andesite",
      "minecraft:ore_iron",
      "minecraft:ore_diamond",
      "minecraft:disk_clay",
      "minecraft:disk_gravel"
    ],
    ["bracken:shards"],
    [
      "minecraft:patch_tall_grass_2",
      "minecraft:spring_water",
      "bracken:spring_water0",
      "minecraft:pile_ice",
      "minecraft:kelp_cold"
    ],
    [
      "minecraft:freeze_top_layer"
    ]
  ],
  "scale": 0.9,
  "temperature": 0.0,
  "downfall": 0.1,
  "effects": {
    "mood_sound": {
      "sound": "minecraft:ambient.cave",
      "tick_delay": 6000,
      "block_search_extent": 8,
      "offset": 2.0
    },
    "sky_color": 0,	
    "fog_color": 5924999,
    "water_color": 4014691,
    "water_fog_color": 7897757,
    "grass_color": 5074010,
    "foliage_colour": 5074010,
    "particle": {
      "options": {
        "type": "minecraft:underwater"
      },
      "probability": 0.0918093334
    }
},
  "precipitation": "snow",
  "player_spawn_friendly": true,
  "category": "icy",
  "depth": 0.425
}
