{
  "starts": [],
  "spawners": {
    "water_ambient": [],
    "ambient": [],
    "misc": [],
    "water_creature": [],
    "creature": [],
    "monster": []
  },
  "spawn_costs": {},
  "surface_builder": "bracken:omnidrome_2",
  "carvers": {
    "air": [
      "minecraft:cave",
      "minecraft:canyon"
    ]
  },
  "features": [
    [],
    [
      "minecraft:lake_water",
      "minecraft:lake_lava"
    ],
    [],
    [],
    [],
    [],
    [
      "minecraft:ore_iron",
      "minecraft:ore_gold",
      "minecraft:ore_redstone",
      "bracken:blobs14o","bracken:blobs14o-","bracken:greenglass","bracken:obsidianfloat",
      "bracken:cyber_tree",
      "bracken:cyber_tree1"
    ],
    [],
    [
      "minecraft:spring_water",
      "minecraft:spring_lava"
    ],
    [
      "minecraft:freeze_top_layer"
    ]
  ],
  "scale": 0.9,
  "temperature": 0.95,
  "downfall": 0.1,
  "effects": {
    "mood_sound": {
      "sound": "minecraft:ambient.cave",
      "tick_delay": 6000,
      "block_search_extent": 8,
      "offset": 2.0
    },	
    "fog_color": 65280,
    "water_color": 65280,
    "water_fog_color": 65280,
      "grass_color": 65280,
      "sky_color": 16777192,
  "foliage_colour": 65280,
    "particle": {
      "options": {
        "type": "minecraft:enchant"
      },
      "probability": 0.00918093334
    }
},
  "precipitation": "none",
  "player_spawn_friendly": true,
  "category": "jungle",
  "depth": 0.1
}
