{
  "starts": [
    
    "minecraft:jungle_pyramid"
  ],
  "spawners": {
    "water_ambient": [
    {
        "type": "minecraft:pufferfish",
        "weight": 10,
        "minCount": 8,
        "maxCount": 8
      },
      {
        "type": "minecraft:dolphin",
        "weight": 1,
        "minCount": 0,
        "maxCount": 1
      }
    ],
    "ambient": [
      {
        "type": "minecraft:bat",
        "weight": 10,
        "minCount": 8,
        "maxCount": 8
      }
    ],
    "misc": [],
    "water_creature": [],
    "creature": [
      {
        "type": "minecraft:pig",
        "weight": 52,
        "minCount": 4,
        "maxCount": 4
      },
      {
        "type": "minecraft:slime",
        "weight": 1,
        "minCount": 4,
        "maxCount": 4
      },
      {
        "type": "minecraft:hoglin",
        "weight": 50,
        "minCount": 4,
        "maxCount": 4
      },
      {
        "type": "minecraft:parrot",
        "weight": 10,
        "minCount": 4,
        "maxCount": 4
      },
      {
        "type": "minecraft:ocelot",
        "weight": 2,
        "minCount": 4,
        "maxCount": 4
      },
      {
        "type": "minecraft:creeper",
        "weight": 10,
        "minCount": 1,
        "maxCount": 3
      }
    ],
    "monster": [     
      {
        "type": "minecraft:slime",
        "weight": 1,
        "minCount": 4,
        "maxCount": 4
      },
      {
        "type": "minecraft:enderman",
        "weight": 1,
        "minCount": 1,
        "maxCount": 1
      },
      {
        "type": "minecraft:creeper",
        "weight": 5,
        "minCount": 1,
        "maxCount": 1
      }
    ]
  },
  "spawn_costs": {},
  "surface_builder": "minecraft:giant_tree_taiga",
  "carvers": {
    "air": [
      "minecraft:cave",
      "minecraft:canyon"
    ]
  },
  "features": [
    [],
    [
      "minecraft:lake_water",
      "minecraft:lake_lava"
    ],
    [
      "minecraft:forest_rock"
    ],
    [
      "minecraft:monster_room"
    ],
    [],
    [],
    [
      "minecraft:ore_dirt",
      "minecraft:ore_gravel",
      "minecraft:ore_granite",
      "minecraft:ore_diorite",
      "minecraft:ore_andesite",
      "minecraft:ore_iron",
      "minecraft:ore_gold",
      "minecraft:ore_redstone",
      "minecraft:ore_diamond",
      "minecraft:ore_lapis",
      "minecraft:disk_sand",
      "minecraft:disk_clay",
      "minecraft:disk_gravel"
    ],
    [],
    [
      "bracken:blobs1",
      "minecraft:trees_giant",
      "minecraft:trees_jungle",
      "minecraft:trees_giant_spruce",
      "minecraft:dark_forest_vegetation_brown",
      "minecraft:patch_tall_grass_2",
      "minecraft:flower_swamp",
      "minecraft:bamboo_light",
      "minecraft:patch_grass_jungle",
      "minecraft:brown_mushroom_normal",
      "minecraft:red_mushroom_normal",
      "minecraft:brown_mushroom_giant",
      "minecraft:red_mushroom_giant",
      "minecraft:patch_berry_sparse",
      "minecraft:patch_large_fern",
      "minecraft:patch_grass_jungle",
      "minecraft:vines",
      "minecraft:patch_sugar_cane",
      "minecraft:patch_melon",
      "minecraft:spring_water",
      "minecraft:spring_lava",
      "minecraft:kelp_warm"



    ],
    [
      "minecraft:freeze_top_layer"
    ]
  ],
  "scale": 0.9,
  "temperature": 0.95,
  "downfall": 0.1,
  "effects": {
    "mood_sound": {
      "sound": "minecraft:ambient.cave",
      "tick_delay": 6000,
      "block_search_extent": 8,
      "offset": 2.0
    },	
    "fog_color": 14280612,
    "water_color": 11509077,
    "water_fog_color": 11503445,
      "grass_color": 6517311,
      
  "sky_color": 11919559,

  "foliage_colour": 6517311
},
  "precipitation": "rain",
  "player_spawn_friendly": false,
  "category": "jungle",
  "depth": 0.1
}
