{
  "starts": ["bracken:pax_arch"],
  "spawners": {
    "water_ambient": [],
    "ambient": [],
    "misc": [],
    "water_creature": [
    {
        "type": "minecraft:dolphin",
        "weight": 1,
        "minCount": 2,
        "maxCount": 2
      },
      {
        "type": "minecraft:cod",
        "weight": 7,
        "minCount": 2,
        "maxCount": 2
      }
    ],
    "creature": [
      {
        "type": "minecraft:sheep",
        "weight": 120,
        "minCount": 4,
        "maxCount": 4
      },
      {
        "type": "minecraft:cow",
        "weight": 10,
        "minCount": 4,
        "maxCount": 4
      },
      {
        "type": "minecraft:parrot",
        "weight": 10,
        "minCount": 4,
        "maxCount": 4
      }
    ],
    "monster": []
  },
  "spawn_costs": {},
  "surface_builder": "minecraft:grass",
  "carvers": {
    "air": [
      "minecraft:cave",
      "minecraft:canyon"
    ]
  },
  "features": [
    [],
    [
      "minecraft:lake_water"
    ],
    [],
    [],
    [],
    [],
    [
      "minecraft:ore_dirt",
      "minecraft:ore_gravel",
      "minecraft:ore_andesite",
      "minecraft:ore_gold",
      "minecraft:ore_redstone",
      "minecraft:ore_diamond",
      "minecraft:ore_lapis",
      "minecraft:disk_sand",
      "minecraft:disk_clay",
      "minecraft:disk_gravel"
    ],
    [],
    [
      "minecraft:forest_flower_vegetation_common",
      "minecraft:flower_forest",
      "minecraft:forest_flower_trees",
      "minecraft:flower_swamp",
      "minecraft:brown_mushroom_normal",
      "minecraft:red_mushroom_normal",
      "minecraft:patch_sugar_cane",
      "minecraft:patch_melon",
      "minecraft:spring_water"
    ],
    [
      "minecraft:freeze_top_layer"
    ]
  ],
  "scale": 0.9,
  "temperature": 0.95,
  "downfall": 0.1,
  "effects": {
    "mood_sound": {
      "sound": "minecraft:ambient.cave",
      "tick_delay": 6000,
      "block_search_extent": 8,
      "offset": 2.0
    },	
    "fog_color": 16773336,
    "water_color": 16776935,
    "water_fog_color": 16768970,
      "grass_color": 15588232,
      
  "sky_color": 16777190,
  "foliage_colour": 15588232,
    "particle": {
      "options": {
        "type": "minecraft:falling_nectar"
      },
      "probability": 0.000118093334
    }
},
  "precipitation": "rain",
  "player_spawn_friendly": true,
  "category": "forest",
  "depth": 0.1
}
