{
  "starts": [
    "bracken:pillager_outpost","bracken:buried_building","minecraft:fossil"
  ],
  "spawners": {
    "water_ambient": [],
    "ambient": [],
    "misc": [],
    "water_creature": [],
    "creature": [],
    "monster": [     
      {
        "type": "minecraft:enderman",
        "weight": 1,
        "minCount": 1,
        "maxCount": 1
      }
    ]
  },
  "spawn_costs": {},

  "surface_builder": "bracken:sanctum_city",
  "carvers": {
    "air": [
      "minecraft:cave",
      "minecraft:cave0",
      "minecraft:canyon",
      "minecraft:canyon0"
    ]
  },
  "features": [
    [],
    [
      "minecraft:lake_water"
    ],
    ["minecraft:basalt_pillar"
    ],
    [],
    [],
    [],
    [],
    [],
    [
      "minecraft:spring_water","bracken:blobs15s","bracken:blobs8s","bracken:city_tree","bracken:city_tree1"
    ],
    [
      "minecraft:freeze_top_layer"
    ]
  ],
  "scale": 0.9,
  "temperature": 0.95,
  "downfall": 0.1,
  "effects": {
    "mood_sound": {
      "sound": "minecraft:ambient.cave",
      "tick_delay": 6000,
      "block_search_extent": 8,
      "offset": 2.0
    },	
    "fog_color": 14594985,
    "water_color": 16146734,
    "water_fog_color": 11414808,
      "grass_color": 13882581,
      
  "sky_color": 16750986,
  "foliage_colour": 13882581,
    "particle": {
      "options": {
        "type": "minecraft:white_ash"
      },
      "probability": 0.218093334
    }
},
  "precipitation": "none",
  "player_spawn_friendly": true,
  "category": "nether",
  "depth": 0.1
}
