{
  "starts": [
    "minecraft:nether_fossil","bracken:pillager_outpost","bracken:buried_building","bracken:sanctum_army"
  ],
  "spawners": {
    "water_ambient": [],
    "ambient": [],
    "misc": [],
    "water_creature": [],
    "creature": [
      {
        "type": "minecraft:ravagers",
        "weight": 100,
        "minCount": 4,
        "maxCount": 4
      }],
    "monster": [ 
      {
        "type": "minecraft:enderman",
        "weight": 1,
        "minCount": 1,
        "maxCount": 1
      }
    ]
  },
  "spawn_costs": {},

  "surface_builder": "bracken:sanctum",
  "carvers": {
    "air": [
      "minecraft:cave",
      "minecraft:canyon"
    ]
  },
  "features": [
    [],
    [
      "minecraft:lake_water"
    ],
    ["minecraft:basalt_pillar"
    ],
    [],
    [],
    [],
    [
      "minecraft:ore_diorite",
      "minecraft:ore_andesite",
      "minecraft:ore_coal",
      "minecraft:ore_iron",
      "minecraft:disk_sand",
      "minecraft:disk_clay",
      "minecraft:disk_gravel"
    ],
    [],
    [
      "minecraft:spring_water"
    ],
    [
      "minecraft:freeze_top_layer"
    ]
  ],
  "scale": 0.9,
  "temperature": 0.95,
  "downfall": 0.1,
  "effects": {
    "mood_sound": {
      "sound": "minecraft:ambient.cave",
      "tick_delay": 6000,
      "block_search_extent": 8,
      "offset": 2.0
    },	
    "fog_color": 14594985,
    "water_color": 16146734,
    "water_fog_color": 11414808,
      "grass_color": 13882581,
      
  "sky_color": 16750986,
  "foliage_colour": 13882581,
    "particle": {
      "options": {
        "type": "minecraft:white_ash"
      },
      "probability": 0.118093334
    }
},
  "precipitation": "none",
  "player_spawn_friendly": true,
  "category": "nether",
  "depth": 0.1
}
