{
  "starts": [],
  "spawners": {
    "water_ambient": [
      {
        "type": "minecraft:salmon",
        "weight": 30,
        "minCount": 1,
        "maxCount": 4
      },
      {
        "type": "minecraft:squid",
        "weight": 40,
        "minCount": 3,
        "maxCount": 5
      },
      {
        "type": "minecraft:turtle",
        "weight": 5,
        "minCount": 2,
        "maxCount": 5
      }
    ],
    "ambient": [],
    "misc": [],
    "water_creature": [],
    "creature": [
      {
        "type": "minecraft:hoglin",
        "weight": 2,
        "minCount": 1,
        "maxCount": 1
      },
      {
        "type": "minecraft:enderman",
        "weight": 1,
        "minCount": 1,
        "maxCount": 1
      }
  ],
    "monster": [{
        "type": "minecraft:guardian",
        "weight": 1,
        "minCount": 1,
        "maxCount": 2
      }
    ]
  },
  "spawn_costs": {},
  "surface_builder": "minecraft:mycelium",
  "carvers": {
    "air": [
      "minecraft:cave",
      "minecraft:canyon",
      "minecraft:ocean_cave"
    ]
  },
  "features": [
    [],
    [
      "minecraft:lake_water",
      "minecraft:lake_lava"
    ],
    [],
    [],
    [
    	"minecraft:desert_well"
    ],
    [],
    [
      "minecraft:ore_dirt",
      "minecraft:ore_gravel",
      "minecraft:ore_granite",
      "minecraft:ore_diorite",
      "minecraft:ore_andesite",
      "minecraft:ore_coal",
      "minecraft:ore_iron",
      "minecraft:ore_gold",
      "minecraft:ore_diamond",
      "minecraft:ore_lapis",
      "minecraft:disk_sand",
      "minecraft:disk_clay",
      "minecraft:disk_gravel"
    ],
    [],
    [
      "minecraft:mushroom_field_vegetation",
      "minecraft:brown_mushroom_taiga",
      "minecraft:red_mushroom_taiga",
      "minecraft:brown_mushroom_normal",
      "minecraft:red_mushroom_normal",
      "minecraft:brown_mushroom_normal",
      "minecraft:red_mushroom_normal",
      "minecraft:seagrass_simple",
      "bracken:blobs0",
      "bracken:blobs3tb",
      "bracken:forest_rock0",
      "minecraft:kelp_cold"
    ],
    [
      "minecraft:freeze_top_layer"
    ]
  ],
  "scale": 0.9,
  "temperature": 0.95,
  "downfall": 0.1,
  "effects": {
    "mood_sound": {
      "sound": "minecraft:ambient.cave",
      "tick_delay": 6000,
      "block_search_extent": 8,
      "offset": 2.0
    },	
    "fog_color": 14745599,
    "water_color": 5095618,
    "water_fog_color": 3093076,
      "grass_color": 2320701,
      "sky_color": 9633746,
  "foliage_colour": 2320701,
    "particle": {
      "options": {
        "type": "minecraft:warped_spore"
      },
      "probability": 0.00428
    }
},
  "precipitation": "rain",
  "player_spawn_friendly": true,
  "category": "jungle",
  "depth": 0.1
}
