{
  "starts": ["bracken:bastion_remnant0","bracken:brine_jelly"],
  "spawners": {
    "water_ambient": [
      {
        "type": "minecraft:guardian",
        "weight": 1,
        "minCount": 1,
        "maxCount": 1
      },
      {
        "type": "minecraft:cod",
        "weight": 30,
        "minCount": 1,
        "maxCount": 4
      },
      {
        "type": "minecraft:squid",
        "weight": 40,
        "minCount": 3,
        "maxCount": 5
      },
      {
        "type": "minecraft:turtle",
        "weight": 5,
        "minCount": 2,
        "maxCount": 5
      }
    ],
    "ambient": [{
        "type": "minecraft:turtle",
        "weight": 5,
        "minCount": 2,
        "maxCount": 5
      }],
    "misc": [{
        "type": "minecraft:turtle",
        "weight": 5,
        "minCount": 2,
        "maxCount": 5
      }],
    "water_creature": [{
        "type": "minecraft:turtle",
        "weight": 5,
        "minCount": 2,
        "maxCount": 5
      }],
    "creature": [
    {
        "type": "minecraft:turtle",
        "weight": 5,
        "minCount": 2,
        "maxCount": 5
      }
  ],
    "monster": [     
      {
        "type": "minecraft:enderman",
        "weight": 1,
        "minCount": 1,
        "maxCount": 1
      },
      {
        "type": "minecraft:turtle",
        "weight": 5,
        "minCount": 1,
        "maxCount": 1
      }
    ]
  },
  "spawn_costs": {},
  "surface_builder": "minecraft:full_sand",
  "carvers": {
    "air": [
      "minecraft:cave",
      "minecraft:canyon",
      "minecraft:ocean_cave"
    ]
  },
  "features": [
    [],
    [
      "minecraft:lake_water",
      "minecraft:lake_lava"
    ],
    [],
    [],
    [
    	"minecraft:desert_well"
    ],
    [],
    [
      "minecraft:ore_dirt",
      "minecraft:ore_gravel",
      "minecraft:ore_granite",
      "minecraft:ore_diorite",
      "minecraft:ore_andesite",
      "minecraft:ore_coal",
      "minecraft:ore_iron",
      "minecraft:ore_gold",
      "minecraft:ore_diamond",
      "minecraft:ore_lapis",
      "minecraft:disk_sand",
      "minecraft:disk_clay",
      "minecraft:disk_gravel"
    ],
    [],
    [
      "minecraft:patch_sugar_cane_desert",
      "minecraft:patch_dead_bush_2",
      "bracken:blobs3tb",
      "minecraft:patch_sugar_cane",
      "minecraft:seagrass_warm",
      "minecraft:seagrass_simple",
      "bracken:blobs0",
      "minecraft:warm_ocean_vegetation"
    ],
    [
      "minecraft:freeze_top_layer"
    ]
  ],
  "scale": 0.9,
  "temperature": 0.95,
  "downfall": 0.1,
  "effects": {
    "mood_sound": {
      "sound": "minecraft:ambient.cave",
      "tick_delay": 6000,
      "block_search_extent": 8,
      "offset": 2.0
    },	
    "fog_color": 14745599,
    "water_color": 5095618,
    "water_fog_color": 3093076,
      "grass_color": 2320701,
      "sky_color": 9633746,
  "foliage_colour": 2320701,
    "particle": {
      "options": {
        "type": "minecraft:warped_spore"
      },
      "probability": 0.01428
    }
},
  "precipitation": "rain",
  "player_spawn_friendly": true,
  "category": "jungle",
  "depth": 0.1
}
