{
  "starts": [
"bracken:underdark_shell"
],
  "spawners": {
    "water_ambient": [],
    "ambient": [
      {
        "type": "minecraft:bat",
        "weight": 10,
        "minCount": 4,
        "maxCount": 4
      }
    ],
    "misc": [],
    "water_creature": [],
    "creature": [
      {
        "type": "minecraft:enderman",
        "weight": 1,
        "minCount": 1,
        "maxCount": 1
      },
      {
        "type": "minecraft:creeper",
        "weight": 2,
        "minCount": 2,
        "maxCount": 2
      }
    ],
    "monster": [
      {
        "type": "minecraft:zombie_villager",
        "weight": 1,
        "minCount": 1,
        "maxCount": 1
      },
    {
        "type": "minecraft:enderman",
        "weight": 1,
        "minCount": 1,
        "maxCount": 1
      },
    {
        "type": "minecraft:magma_cube",
        "weight": 5,
        "minCount": 1,
        "maxCount": 1
      },
    {
        "type": "minecraft:creeper",
        "weight": 5,
        "minCount": 1,
        "maxCount": 1
      },
      {
        "type": "minecraft:silverfish",
        "weight": 35,
        "minCount": 1,
        "maxCount": 3
      }
    ]
  },
  "spawn_costs": {},
  "surface_builder": "bracken:the_underdark_forest",
  "carvers": {
    "air": [
      "minecraft:cave",
      "bracken:cave0",
      "minecraft:canyon",
      "bracken:canyon0"
    ]
  },
  "features": [
    [],
    [
      "minecraft:lake_lava",
      "minecraft:lake_water",
      "bracken:forest_rock2d",
      "bracken:cave_tree"
    ],
    [],
    [],
    [],
    [],
    [
      "minecraft:ore_dirt",
      "minecraft:ore_gravel",
      "minecraft:ore_diorite",
      "minecraft:ore_coal",
      "minecraft:ore_iron",
      "minecraft:ore_gold",
      "minecraft:ore_redstone",
      "minecraft:ore_diamond",      
      "minecraft:ore_lapis",
      "minecraft:disk_sand",
      "minecraft:ore_gold_extra",
      "bracken:emerald_ore0",
      "bracken:diamond_ore0",
      "bracken:magma0",
      "bracken:bedrock0",
      "bracken:blackstone0",
      "bracken:blobs16ud",
      "bracken:blackstone1"
    ],
    [],
    [],
    [
      "minecraft:freeze_top_layer"
    ]
  ],
  "scale": 0.9,
  "temperature": 0.95,
  "downfall": 0.1,
  "effects": {
    "mood_sound": {
      "sound": "minecraft:ambient.cave",
      "tick_delay": 6000,
      "block_search_extent": 8,
      "offset": 2.0
    },
    "sky_color": 8600895,  
    "fog_color": 5786701,
    "water_color": 8166054,
    "water_fog_color": 6383526,
    "grass_color": 12162409,
    "foliage_colour": 12162409,
    "particle": {
      "options": {
        "type": "minecraft:mycelium"
      },
      "probability": 0.118093334
    }
},
  "precipitation": "none",
  "player_spawn_friendly": true,
  "category": "none",
  "depth": 0.1
}
