{
  "starts": ["bracken:village_plains"],
  "spawners": {
    "water_ambient": [],
    "ambient": [],
    "misc": [],
    "water_creature": [],
    "creature": [],
    "monster": []
  },
  "spawn_costs": {},
  "surface_builder": "bracken:faewild",
  "carvers": {
    "air": [
      "minecraft:cave",
      "minecraft:canyon",
      "canyon0"
    ]
  },
  "features": [
    [],
    [
      "minecraft:lake_water",
      "bracken:lake_water0"
    ],
    [],
    [
      "minecraft:monster_room"
    ],
    [],
    [],
    [
      "minecraft:ore_dirt",
      "minecraft:ore_gravel",
      "minecraft:ore_lapis",
      "minecraft:disk_sand",
      "minecraft:disk_clay",
      "minecraft:disk_gravel",
      "bracken:lapis_ore0"
  ],
    [],
    ["minecraft:spring_water",
      "minecraft:seagrass_swamp",
      "minecraft:sea_pickle",
      "bracken:stone_tree_other",
      "minecraft:twisting_vines",
      "minecraft:nether_sprouts"],
    [
      "minecraft:freeze_top_layer"
    ]
  ],
  "scale": 0.9,
  "temperature": 0.95,
  "downfall": 0.1,
  "effects": {
    "mood_sound": {
      "sound": "minecraft:ambient.cave",
      "tick_delay": 6000,
      "block_search_extent": 8,
      "offset": 2.0
    },	
    "fog_color": 8554450,
    "water_color": 4996043,
    "water_fog_color": 4995962,
      "grass_color": 2065734,
      
  "sky_color": 3132319,
  "foliage_colour": 2065734
},
  "precipitation": "rain",
  "player_spawn_friendly": false,
  "category": "jungle",
  "depth": 0.1
}
