{
  "starts": [
    "minecraft:mineshaft","bracken:underdark_crystal",
    "minecraft:stronghold"
  ],
  "spawners": {
    "water_ambient": [],
    "ambient": [
      {
        "type": "minecraft:bat",
        "weight": 10,
        "minCount": 4,
        "maxCount":4
      }
    ],
    "misc": [],
    "water_creature": [
    {
        "type": "minecraft:guardian",
        "weight": 1,
        "minCount": 1,
        "maxCount": 1
      }],
    "creature": [
      {
        "type": "minecraft:creeper",
        "weight": 5,
        "minCount": 1,
        "maxCount": 3
      }
    ],
    "monster": [
      {
        "type": "minecraft:pillager",
        "weight": 5,
        "minCount": 4,
        "maxCount": 4
      },     
      {
        "type": "minecraft:enderman",
        "weight": 1,
        "minCount": 1,
        "maxCount": 4
      },
      {
        "type": "minecraft:creeper",
        "weight": 15,
        "minCount": 1,
        "maxCount": 1
      }
    ]
  },
  "spawn_costs": {},
  "surface_builder": "bracken:the_underdark_crystal_caves",
  "carvers": {
    "air": [
      "minecraft:cave",
      "bracken:cave0",
      "minecraft:canyon"

    ]
  },
  "features": [
    [],
    [
      "minecraft:lake_water",
      "minecraft:lake_lava"
    ],
    [
      "minecraft:basalt_pillar"
    ],
    [
      "minecraft:monster_room"
    ],
    [],
    [],
    ["minecraft:ore_dirt",
      "minecraft:ore_gravel",
      "minecraft:ore_diorite",
      "minecraft:ore_coal",
      "minecraft:ore_iron",
      "minecraft:ore_gold",
      "minecraft:ore_redstone",
      "minecraft:ore_diamond",      
      "minecraft:ore_lapis",
      "minecraft:disk_sand",
      "minecraft:ore_gold_extra",
      "bracken:emerald_ore0",
      "bracken:diamond_ore0",
      "bracken:magma0",
      "bracken:bedrock0",
      "bracken:blobs10ud",
      "bracken:prismarine0",
      "bracken:blobs11ud",
      "bracken:blobs16ud",
      "bracken:blobs17ud",
      "bracken:blobs12ud"
  ],
    [
      "minecraft:ore_infested"
    ],
    [
      "minecraft:brown_mushroom_normal",
      "minecraft:red_mushroom_normal",
      "minecraft:spring_water",
      "minecraft:spring_lava",
      "minecraft:mushroom_field_vegetation",
      "minecraft:brown_mushroom_taiga",
      "minecraft:red_mushroom_taiga"
    ],
    [
      "minecraft:freeze_top_layer"
    ]
  ],
  "scale": 0.9,
  "temperature": 0.95,
  "downfall": 0.1,
  "effects": {
    "mood_sound": {
      "sound": "minecraft:ambient.cave",
      "tick_delay": 6000,
      "block_search_extent": 8,
      "offset": 2.0
    },  
    "fog_color": 5786701,
    "water_color": 8166054,
    "water_fog_color": 6383526,
      "grass_color": 12162409,
      
  "sky_color": 8600895,
  "foliage_colour": 12162409
},
  "precipitation": "none",
  "player_spawn_friendly": true,
  "category": "extreme_hills",
  "depth": 0.1
}
