{
  "starts": ["bracken:varskspace_spire"],
  "spawners": {
    "water_ambient": [],
    "ambient": [],
    "misc": [],
    "water_creature": [],
    "creature": [],
    "monster": []
  },
  "spawn_costs": {},
  "surface_builder": "bracken:varskspace",
  "carvers": {
    "air": [
      "minecraft:cave",
      "minecraft:canyon"
    ]
  },
  "features": [
    [],
    [],
    [],
    [],
    [],
    [],
    ["bracken:varsk","bracken:varsk1","bracken:blobs18v"],
    [],
    [],
    [
      "minecraft:freeze_top_layer"
    ]
  ],
  "scale": 0.9,
  "temperature": 0.95,
  "downfall": 0.1,
  "effects": {
    "mood_sound": {
      "sound": "minecraft:ambient.cave",
      "tick_delay": 6000,
      "block_search_extent": 8,
      "offset": 2.0
    },	
    "fog_color": 11959551,
    "water_color": 9344428,
    "water_fog_color": 14606591,
      "grass_color": 11317746,
      
  "sky_color": 11041992,
  "foliage_colour": 11317746,
    "particle": {
      "options": {
        "type": "minecraft:dripping_obsidian_tear"
      },
      "probability": 0.00118093334
    }
},
  "precipitation": "none",
  "player_spawn_friendly": true,
  "category": "none",
  "depth": 0.1
}
