{
  "config": {
    "feature": {
      "config": {
        "feature": {
          "config": {
            "features": [
              {
                "feature": {
                  "config": {
                    "max_water_depth": 2147483647,
                    "ignore_vines": true,
                    "heightmap": "OCEAN_FLOOR",
                    "minimum_size": {
                      "limit": 1,
                      "lower_size": 1,
                      "upper_size": 2,
                      "type": "minecraft:two_layers_feature_size"
                    },
                    "decorators": [],
                    "trunk_provider": {
                      "state": {
                        "Properties": {
                          "axis": "y"
                        },
                        "Name": "minecraft:stripped_jungle_log"
                      },
                      "type": "minecraft:simple_state_provider"
                    },
                    "leaves_provider": {
                      "entries": [
                        {
                          "weight": 31,
                          "data": {
                            "Name": "minecraft:brain_coral_block"
                          }
                        },
                        {
                          "weight": 1,
                          "data": {
                            "Name": "minecraft:sea_lantern"
                          }
                        }
                      ],
                      "type": "minecraft:weighted_state_provider"
                    },
                    "foliage_placer": {
                      "radius": 1,
                      "offset": 0,
                      "crown_height": {
                        "base": 3,
                        "spread": 1
                      },
                      "type": "minecraft:mega_pine_foliage_placer"
                    },
                    "trunk_placer": {
                      "base_height": 7,
                      "height_rand_a": 1,
                      "height_rand_b": 0,
                      "type": "minecraft:giant_trunk_placer"
                    }
                  },
                  "type": "minecraft:tree"
                },
                "chance": 0.1
              },
              {
                "feature": {
                  "config": {
                    "max_water_depth": 2147483647,
                    "ignore_vines": true,
                    "heightmap": "OCEAN_FLOOR",
                    "minimum_size": {
                      "limit": 1,
                      "lower_size": 0,
                      "upper_size": 1,
                      "type": "minecraft:two_layers_feature_size"
                    },
                    "decorators": [],
                    "trunk_provider": {
                      "state": {
                        "Properties": {
                          "axis": "y"
                        },
                        "Name": "minecraft:stripped_oak_log"
                      },
                      "type": "minecraft:simple_state_provider"
                    },
                    "leaves_provider": {
                      "entries": [
                        {
                          "weight": 31,
                          "data": {
                            "Name": "minecraft:fire_coral_block"
                          }
                        },
                        {
                          "weight": 1,
                          "data": {
                            "Name": "minecraft:sea_lantern"
                          }
                        }
                      ],
                      "type": "minecraft:weighted_state_provider"
                    },
                    "foliage_placer": {
                      "radius": 3,
                      "offset": 0,
                      "height": 3,
                      "type": "minecraft:blob_foliage_placer"
                    },
                    "trunk_placer": {
                      "base_height": 6,
                      "height_rand_a": 1,
                      "height_rand_b": 0,
                      "type": "minecraft:straight_trunk_placer"
                    }
                  },
                  "type": "minecraft:tree"
                },
                "chance": 0.25
              },
              {
                "feature": {
                  "config": {
                    "max_water_depth": 2147483647,
                    "ignore_vines": true,
                    "heightmap": "OCEAN_FLOOR",
                    "minimum_size": {
                      "limit": 1,
                      "lower_size": 0,
                      "upper_size": 1,
                      "type": "minecraft:two_layers_feature_size"
                    },
                    "decorators": [],
                    "trunk_provider": {
                      "state": {
                        "Properties": {
                          "axis": "y"
                        },
                        "Name": "minecraft:stripped_oak_log"
                      },
                      "type": "minecraft:simple_state_provider"
                    },
                    "leaves_provider": {
                      "entries": [
                        {
                          "weight": 31,
                          "data": {
                            "Name": "minecraft:tube_coral_block"
                          }
                        },
                        {
                          "weight": 1,
                          "data": {
                            "Name": "minecraft:sea_lantern"
                          }
                        }
                      ],
                      "type": "minecraft:weighted_state_provider"
                    },
                    "foliage_placer": {
                      "radius": 2,
                      "offset": 0,
                      "height": 3,
                      "type": "minecraft:bush_foliage_placer"
                    },
                    "trunk_placer": {
                      "base_height": 6,
                      "height_rand_a": 1,
                      "height_rand_b": 0,
                      "type": "minecraft:straight_trunk_placer"
                    }
                  },
                  "type": "minecraft:tree"
                },
                "chance": 0.33
              },
              {
                "feature": {
                  "config": {
                    "max_water_depth": 2147483647,
                    "ignore_vines": true,
                    "heightmap": "OCEAN_FLOOR",
                    "minimum_size": {
                      "limit": 1,
                      "lower_size": 0,
                      "upper_size": 1,
                      "type": "minecraft:two_layers_feature_size"
                    },
                    "decorators": [],
                    "trunk_provider": {
                      "state": {
                        "Properties": {
                          "axis": "y"
                        },
                        "Name": "minecraft:stripped_jungle_log"
                      },
                      "type": "minecraft:simple_state_provider"
                    },
                    "leaves_provider": {
                      "entries": [
                        {
                          "weight": 31,
                          "data": {
                            "Name": "minecraft:bubble_coral_block"
                          }
                        },
                        {
                          "weight": 1,
                          "data": {
                            "Name": "minecraft:sea_lantern"
                          }
                        }
                      ],
                      "type": "minecraft:weighted_state_provider"
                    },
                    "foliage_placer": {
                      "radius": 2,
                      "offset": 0,
                      "height": 5,
                      "type": "minecraft:blob_foliage_placer"
                    },
                    "trunk_placer": {
                      "base_height": 7,
                      "height_rand_a": 0,
                      "height_rand_b": 0,
                      "type": "minecraft:straight_trunk_placer"
                    }
                  },
                  "type": "minecraft:tree"
                },
                "chance": 0.5
              }
            ],
            "default": {
              "config": {
                "max_water_depth": 2147483647,
                "ignore_vines": true,
                "heightmap": "OCEAN_FLOOR",
                "minimum_size": {
                  "limit": 1,
                  "lower_size": 0,
                  "upper_size": 1,
                  "type": "minecraft:two_layers_feature_size"
                },
                "decorators": [],
                "trunk_provider": {
                  "state": {
                    "Properties": {
                      "axis": "y"
                    },
                    "Name": "minecraft:stripped_oak_log"
                  },
                  "type": "minecraft:simple_state_provider"
                },
                "leaves_provider": {
                  "entries": [
                    {
                      "weight": 31,
                      "data": {
                        "Name": "minecraft:horn_coral_block"
                      }
                    },
                    {
                      "weight": 1,
                      "data": {
                        "Name": "minecraft:sea_lantern"
                      }
                    }
                  ],
                  "type": "minecraft:weighted_state_provider"
                },
                "foliage_placer": {
                  "radius": 3,
                  "offset": 0,
                  "height": 3,
                  "type": "minecraft:blob_foliage_placer"
                },
                "trunk_placer": {
                  "base_height": 6,
                  "height_rand_a": 1,
                  "height_rand_b": 0,
                  "type": "minecraft:straight_trunk_placer"
                }
              },
              "type": "minecraft:tree"
            }
          },
          "type": "minecraft:random_selector"
        },
        "decorator": {
          "config": {
            "outer": {
              "config": {},
              "type": "minecraft:square"
            },
            "inner": {
              "config": {},
              "type": "minecraft:heightmap"
            }
          },
          "type": "minecraft:decorated"
        }
      },
      "type": "minecraft:decorated"
    },
    "decorator": {
      "config": {
        "count": 1,
        "extra_chance": 0.5,
        "extra_count": 1
      },
      "type": "minecraft:count_extra"
    }
  },
  "type": "minecraft:decorated"
}