{
  "config": {
    "feature": {
      "config": {
        "feature": {
          "config": {
            "can_replace": false,
            "project": false,
            "need_water": false,
            "xspread": 9,
            "yspread": 3,
            "zspread": 9,
            "whitelist": [],
            "blacklist": [],
            "tries": 24,
            "state_provider": {
              "state": {
                "Name": "minecraft:brown_mushroom"
              },
              "type": "minecraft:simple_state_provider"
            },
            "block_placer": {
              "type": "minecraft:simple_block_placer"
            }
          },
          "type": "minecraft:random_patch"
        },
        "decorator": {
          "config": {
            "outer": {
              "config": {},
              "type": "minecraft:square"
            },
            "inner": {
              "config": {},
              "type": "minecraft:heightmap"
            }
          },
          "type": "minecraft:decorated"
        }
      },
      "type": "minecraft:decorated"
    },
    "decorator": {
      "config": {
        "count": 5
      },
      "type": "minecraft:count"
    }
  },
  "type": "minecraft:decorated"
}