{
  "config": {
    "feature": {
      "config": {
        "feature": {
          "config": {
            "feature": {
              "config": {
                "state_provider": {
                  "entries": [
                    {
                      "weight": 3,
                      "data": {
                        "Name": "minecraft:mossy_cobblestone"
                      }
                    },
                    {
                      "weight": 2,
                      "data": {
                        "Name": "minecraft:cobblestone"
                      }
                    }
                  ],
                  "type": "minecraft:weighted_state_provider"
                }
              },
              "type": "minecraft:block_pile"
            },
            "decorator": {
              "config": {
                "count": 4
              },
              "type": "minecraft:count"
            }
          },
          "type": "minecraft:decorated"
        },
        "decorator": {
          "config": {
            "outer": {
              "config": {},
              "type": "minecraft:square"
            },
            "inner": {
              "config": {},
              "type": "minecraft:heightmap"
            }
          },
          "type": "minecraft:decorated"
        }
      },
      "type": "minecraft:decorated"
    },
    "decorator": {
      "config": {
        "count": 0,
        "extra_chance": 0.25,
        "extra_count": 1
      },
      "type": "minecraft:count_extra"
    }
  },
  "type": "minecraft:decorated"
}