{
  "config": {
    "feature": {
      "config": {
        "feature": {
          "config": {
            "target": {
              "Name": "minecraft:stone"
            },
            "state": {
              "Name": "minecraft:emerald_ore"
            }
          },
          "type": "minecraft:emerald_ore"
        },
        "decorator": {
          "config": {},
          "type": "minecraft:emerald_ore"
        }
      },
      "type": "minecraft:decorated"
    },
    "decorator": {
      "config": {
        "count": 5
      },
      "type": "minecraft:count"
    }
  },
  "type": "minecraft:decorated"
}