{
  "config": {
    "feature": {
      "config": {
        "feature": {
          "config": {
            "feature": {
              "config": {
                "can_replace": false,
                "project": true,
                "need_water": false,
                "xspread": 9,
                "yspread": 3,
                "zspread": 9,
                "whitelist": [
                  {
                    "Properties": {
                      "snowy": "false"
                    },
                    "Name": "minecraft:grass_block"
                  },
                  {
                    "Name": "minecraft:dirt"
                  },
                  {
                    "Name": "minecraft:coarse_dirt"
                  }
                ],
                "blacklist": [
                  {
                    "Properties": {
                      "moisture": "6"
                    },
                    "Name": "minecraft:farmland"
                  }
                ],
                "tries": 32,
                "state_provider": {
                  "entries": [
                    {
                      "weight": 3,
                      "data": {
                        "Name": "minecraft:red_tulip"
                      }
                    },
                    {
                      "weight": 3,
                      "data": {
                        "Name": "minecraft:orange_tulip"
                      }
                    },
                    {
                      "weight": 3,
                      "data": {
                        "Name": "minecraft:white_tulip"
                      }
                    },
                    {
                      "weight": 2,
                      "data": {
                        "Name": "minecraft:pink_tulip"
                      }
                    }
                  ],
                  "type": "minecraft:weighted_state_provider"
                },
                "block_placer": {
                  "type": "minecraft:simple_block_placer"
                }
              },
              "type": "minecraft:flower"
            },
            "decorator": {
              "config": {},
              "type": "minecraft:spread_32_above"
            }
          },
          "type": "minecraft:decorated"
        },
        "decorator": {
          "config": {
            "outer": {
              "config": {},
              "type": "minecraft:square"
            },
            "inner": {
              "config": {},
              "type": "minecraft:heightmap"
            }
          },
          "type": "minecraft:decorated"
        }
      },
      "type": "minecraft:decorated"
    },
    "decorator": {
      "config": {
        "count": 16
      },
      "type": "minecraft:count"
    }
  },
  "type": "minecraft:decorated"
}