{
  "type": "custom:overworld",
  "generator": {
    "biome_source": {
      "humidity_noise": {
        "firstOctave": -7,
        "amplitudes": [
          1.0,
          1.0
        ]
      },
      "altitude_noise": {
        "firstOctave": -8,
        "amplitudes": [
          1.2,
          1.0
        ]
      },
      "weirdness_noise": {
        "firstOctave": -7,
        "amplitudes": [
          1.0,
          1.0
        ]
      },
      "seed": 0,
      "biomes": [        {
          "parameters": {
            "altitude": -1.0,
            "weirdness": 0.0,
            "offset": 0.0,
            "temperature": 0.0,
            "humidity": 0.0
          },
          "biome": "island:jungle_edge_hills"
        },



        {
          "parameters": {
            "altitude": -0.99,
            "weirdness": 0.0,
            "offset": 0.0,
            "temperature": 0.0,
            "humidity": 0.0
          },
          "biome": "island:jungle_edge"
        },

        {
          "parameters": {
            "altitude": -0.97,
            "weirdness": 0.0,
            "offset": 0.0,
            "temperature": 0.0,
            "humidity": 0.0
          },
          "biome": "island:beach"
        },

        {
          "parameters": {
            "altitude": -0.95,
            "weirdness": 0.0,
            "offset": 0.0,
            "temperature": 0.0,
            "humidity": 0.0
          },
          "biome": "island:lagoon"
        },

        {
          "parameters": {
            "altitude": -0.75,
            "weirdness": 0.0,
            "offset": 0.0,
            "temperature": 0.0,
            "humidity": 0.0
          },
          "biome": "island:lagoon"
        },
        {
          "parameters": {
            "altitude": -0.74,
            "weirdness": 0.0,
            "offset": 0.0,
            "temperature": 0.0,
            "humidity": 0.0
          },
          "biome": "island:shoals"
        },
        {
          "parameters": {
            "altitude": -0.65,
            "weirdness": 0.0,
            "offset": 0.0,
            "temperature": 0.0,
            "humidity": 0.0
          },
          "biome": "island:wooded_beach"
        },
        {
          "parameters": {
            "altitude": -0.62,
            "weirdness": 0.0,
            "offset": 0.0,
            "temperature": 0.0,
            "humidity": 0.0
          },
          "biome": "island:barrier_island"
        },
        {
          "parameters": {
            "altitude": -0.57,
            "weirdness": 0.0,
            "offset": 0.0,
            "temperature": 0.0,
            "humidity": 0.0
          },
          "biome": "island:sand_bar"
        },
        {
          "parameters": {
            "altitude": -0.565,
            "weirdness": 0.0,
            "offset": 0.0,
            "temperature": 0.0,
            "humidity": 0.0
          },
          "biome": "island:exposed_reef"
        },
        {
          "parameters": {
            "altitude": -0.47,
            "weirdness": 0.0,
            "offset": 0.0,
            "temperature": 0.0,
            "humidity": 0.0
          },
          "biome": "island:warm_ocean"
        },

        {
          "parameters": {
            "altitude": -0.4,
            "weirdness": 0.0,
            "offset": 0.0,
            "temperature": 0.0,
            "humidity": 0.0
          },
          "biome": "island:deep_warm_ocean"
        },
        {
          "parameters": {
            "altitude": 0.0,
            "weirdness": 0.0,
            "offset": 0.0,
            "temperature": 0.0,
            "humidity": 0.0
          },
          "biome": "minecraft:deep_warm_ocean"
        },
        {
          "parameters": {
            "altitude": 0.4,
            "weirdness": 0.0,
            "offset": 0.0,
            "temperature": 0.0,
            "humidity": 0.0
          },
          "biome": "minecraft:deep_warm_ocean"
        },
        {
          "parameters": {
            "altitude": 0.5,
            "weirdness": 0.0,
            "offset": 0.0,
            "temperature": 0.0,
            "humidity": 0.0
          },
          "biome": "island:warm_ocean"
        },
        {
          "parameters": {
            "altitude": 0.6,
            "weirdness": 0.0,
            "offset": 0.0,
            "temperature": 0.0,
            "humidity": 0.0
          },
          "biome": "island:beach"
        },
        {
          "parameters": {
            "altitude": 0.65,
            "weirdness": 0.0,
            "offset": 0.0,
            "temperature": 0.0,
            "humidity": 0.0
          },
          "biome": "island:jungle_edge"
        },
        {
          "parameters": {
            "altitude": 0.75,
            "weirdness": 0.0,
            "offset": 0.0,
            "temperature": 0.0,
            "humidity": 0.0
          },
          "biome": "island:jungle"
        },

        {
          "parameters": {
            "altitude": 0.85,
            "weirdness": 0.0,
            "offset": 0.0,
            "temperature": 0.0,
            "humidity": 0.0
          },
          "biome": "island:jungle_hills"
        },
        {
          "parameters": {
            "altitude": 1.0,
            "weirdness": 0.0,
            "offset": 0.0,
            "temperature": 0.0,
            "humidity": 0.0
          },
          "biome": "island:volcano"
        }
      ],
      "temperature_noise": {
        "firstOctave": -7,
        "amplitudes": [
          1.0,
          1.0
        ]
      },
      "type": "minecraft:multi_noise"
    },
    "seed": 0,
    "settings": "minecraft:overworld",
    "type": "minecraft:noise"
  }
}