{
  "type": "custom:underworld",
  "generator": {
    "biome_source": {
      "humidity_noise": {
        "firstOctave": -7,
        "amplitudes": [
          1.0,
          1.0
        ]
      },
      "altitude_noise": {
        "firstOctave": -7,
        "amplitudes": [
          1.0,
          1.0
        ]
      },
      "weirdness_noise": {
        "firstOctave": -7,
        "amplitudes": [
          1.0,
          1.0
        ]
      },
      "seed": 0,
      "biomes": [        {
          "parameters": {
            "altitude": 0.5,
            "weirdness": 0.0,
            "offset": 0.0,
            "temperature": 0.0,
            "humidity": 0.0
          },
          "biome": "underworld:crimson_moors"
        },        {
          "parameters": {
            "altitude": 0.45,
            "weirdness": 0.0,
            "offset": 0.0,
            "temperature": 0.0,
            "humidity": 0.0
          },
          "biome": "underworld:crimson_cliffs"
        },        {
          "parameters": {
            "altitude": 0.4,
            "weirdness": 0.0,
            "offset": 0.0,
            "temperature": 0.0,
            "humidity": 0.0
          },
          "biome": "underworld:basalt_cliffs"
        },        {          "parameters": {
            "altitude": 0.25,
            "weirdness": 0.0,
            "offset": 0.0,
            "temperature": 0.0,
            "humidity": 0.0
          },
          "biome": "underworld:deep_cold_ocean"
        }
      ],
      "temperature_noise": {
        "firstOctave": -7,
        "amplitudes": [
          1.0,
          1.0
        ]
      },
      "type": "minecraft:multi_noise"
    },
    "seed": 0,
    "settings": "minecraft:overworld",
    "type": "minecraft:noise"
  }
}