{
  "type": "custom:world_end",
  "generator": {
    "biome_source": {
      "humidity_noise": {
        "firstOctave": -7,
        "amplitudes": [
          1.0,
          1.0
        ]
      },
      "altitude_noise": {
        "firstOctave": -7,
        "amplitudes": [
          1.0,
          1.0
        ]
      },
      "weirdness_noise": {
        "firstOctave": -7,
        "amplitudes": [
          1.0,
          1.0
        ]
      },
      "seed": 0,
      "biomes": [        {
          "parameters": {
            "altitude": 1.0,
            "weirdness": 0.0,
            "offset": 0.0,
            "temperature": 0.0,
            "humidity": 0.0
          },
          "biome": "world_end:warped_jungle"
        },        {
          "parameters": {
            "altitude": 1.0,
            "weirdness": 0.0,
            "offset": 0.0,
            "temperature": 0.0,
            "humidity": -0.5
          },
          "biome": "world_end:fungal_fields"
        },        {
          "parameters": {
            "altitude": 1.0,
            "weirdness": 0.0,
            "offset": 0.0,
            "temperature": 0.0,
            "humidity": -1.0
          },
          "biome": "world_end:desert"
        },        {
          "parameters": {
            "altitude": 1.0,
            "weirdness": 0.0,
            "offset": 0.0,
            "temperature": 0.0,
            "humidity": 1.0
          },
          "biome": "world_end:marshes"
        },        {
          "parameters": {
            "altitude": 1.0,
            "weirdness": 0.0,
            "offset": 0.0,
            "temperature": 0.0,
            "humidity": 0.5
          },
          "biome": "world_end:phantom_forest"
        },        {
          "parameters": {
            "altitude": -1.0,
            "weirdness": 0.0,
            "offset": 0.0,
            "temperature": 0.0,
            "humidity": 0.0
          },
          "biome": "world_end:white_wastes"
        },        {
          "parameters": {
            "altitude": -0.9,
            "weirdness": 0.0,
            "offset": 0.0,
            "temperature": 0.0,
            "humidity": 0.0
          },
          "biome": "world_end:guarded_ocean"
        },        {
          "parameters": {
            "altitude": 1.0,
            "weirdness": 1.0,
            "offset": 0.0,
            "temperature": 0.0,
            "humidity": -0.5
          },
          "biome": "world_end:obsidian_spires"
        }      ],
      "temperature_noise": {
        "firstOctave": -7,
        "amplitudes": [
          1.0,
          1.0
        ]
      },
      "type": "minecraft:multi_noise"
    },
    "seed": 0,
    "settings": "minecraft:overworld",
    "type": "minecraft:noise"
  }
}