{
  "condition": "minecraft:alternative",
  "terms": [
    {
      "condition": "minecraft:location_check",
      "predicate": {
        "biome": "minecraft:birch_forest"
      }
    },
    {
      "condition": "minecraft:location_check",
      "predicate": {
        "biome": "minecraft:birch_forest_hills"
      }
    },
    {
      "condition": "minecraft:location_check",
      "predicate": {
        "biome": "minecraft:tall_birch_forest"
      }
    },
    {
      "condition": "minecraft:location_check",
      "predicate": {
        "biome": "minecraft:tall_birch_hills"
      }
    }
  ]
}