{
  "processors": [
    {
      "rules": [
        {
          "position_predicate": {
            "predicate_type": "minecraft:always_true"
          },
          "output_state": {
            "Name": "minecraft:cracked_stone_bricks"
          },
          "input_predicate": {
            "block": "minecraft:stone_bricks",
            "probability": 0.125,
            "predicate_type": "minecraft:random_block_match"
          },
          "location_predicate": {
            "predicate_type": "minecraft:always_true"
          }
        },
        {
          "position_predicate": {
            "predicate_type": "minecraft:always_true"
          },
          "output_state": {
            "Properties": {
              "type": "double",
              "waterlogged": "false"
            },
            "Name": "minecraft:andesite_slab"
          },
          "input_predicate": {
            "block": "minecraft:gravel",
            "probability": 0.2,
            "predicate_type": "minecraft:random_block_match"
          },
          "location_predicate": {
            "predicate_type": "minecraft:always_true"
          }
        },
        {
          "position_predicate": {
            "predicate_type": "minecraft:always_true"
          },
          "output_state": {
            "Properties": {
              "type": "double",
              "waterlogged": "false"
            },
            "Name": "minecraft:stone_slab"
          },
          "input_predicate": {
            "block": "minecraft:gravel",
            "probability": 0.1,
            "predicate_type": "minecraft:random_block_match"
          },
          "location_predicate": {
            "predicate_type": "minecraft:always_true"
          }
        },
        {
          "position_predicate": {
            "predicate_type": "minecraft:always_true"
          },
          "output_state": {
            "Name": "minecraft:crafting_table"
          },
          "input_predicate": {
            "block": "minecraft:composter",
            "probability": 0.35,
            "predicate_type": "minecraft:random_block_match"
          },
          "location_predicate": {
            "predicate_type": "minecraft:always_true"
          }
        },
        {
          "position_predicate": {
            "predicate_type": "minecraft:always_true"
          },
          "output_state": {
            "Properties": {
              "axis": "y"
            },
            "Name": "minecraft:stripped_jungle_wood"
          },
          "input_predicate": {
            "block": "minecraft:composter",
            "probability": 0.2,
            "predicate_type": "minecraft:random_block_match"
          },
          "location_predicate": {
            "predicate_type": "minecraft:always_true"
          }
        },
        {
          "position_predicate": {
            "predicate_type": "minecraft:always_true"
          },
          "output_state": {
            "Properties": {
              "facing": "east",
              "honey_level": "0"
            },
            "Name": "minecraft:beehive"
          },
          "input_predicate": {
            "block": "minecraft:composter",
            "probability": 0.15,
            "predicate_type": "minecraft:random_block_match"
          },
          "location_predicate": {
            "predicate_type": "minecraft:always_true"
          }
        },
        {
          "position_predicate": {
            "predicate_type": "minecraft:always_true"
          },
          "output_state": {
            "Properties": {
              "has_record": "false"
            },
            "Name": "minecraft:jukebox"
          },
          "input_predicate": {
            "block": "minecraft:composter",
            "probability": 0.075,
            "predicate_type": "minecraft:random_block_match"
          },
          "location_predicate": {
            "predicate_type": "minecraft:always_true"
          }
        }
      ],
      "processor_type": "minecraft:rule"
    }
  ]
}