{
  "processors": [
    {
      "rules": [
        {
          "position_predicate": {
            "predicate_type": "minecraft:always_true"
          },
          "output_state": {
            "Name": "minecraft:granite"
          },
          "input_predicate": {
            "block": "minecraft:bricks",
            "probability": 0.0125,
            "predicate_type": "minecraft:random_block_match"
          },
          "location_predicate": {
            "predicate_type": "minecraft:always_true"
          }
        },
        {
          "position_predicate": {
            "predicate_type": "minecraft:always_true"
          },
          "output_state": {
            "Properties": {
              "east": "none",
              "north": "none",
              "south": "none",
              "west": "none",
              "up": "true",
              "waterlogged": "false"
            },
            "Name": "minecraft:granite_wall"
          },
          "input_predicate": {
            "block": "minecraft:brick_wall",
            "probability": 0.025,
            "predicate_type": "minecraft:random_block_match"
          },
          "location_predicate": {
            "predicate_type": "minecraft:always_true"
          }
        }
      ],
      "processor_type": "minecraft:rule"
    }
  ]
}