{
  "processors": [
    {
      "rules": [
        {
          "output_state": {
            "Name": "minecraft:acacia_planks"
          },
          "input_predicate": {
            "block": "minecraft:grass_path",
            "predicate_type": "minecraft:block_match"
          },
          "location_predicate": {
            "block": "minecraft:water",
            "predicate_type": "minecraft:block_match"
          }
        },
        {
          "position_predicate": {
            "predicate_type": "minecraft:always_true"
          },
          "output_state": {
            "Name": "minecraft:smooth_red_sandstone"
          },
          "input_predicate": {
            "block": "minecraft:grass_path",
            "probability": 0.35,
            "predicate_type": "minecraft:random_block_match"
          },
          "location_predicate": {
            "predicate_type": "minecraft:always_true"
          }
        },
        {
          "output_state": {
            "Properties": {
              "level": "0"
            },
            "Name": "minecraft:water"
          },
          "input_predicate": {
            "block": "minecraft:coarse_dirt",
            "predicate_type": "minecraft:block_match"
          },
          "location_predicate": {
            "block": "minecraft:water",
            "predicate_type": "minecraft:block_match"
          }
        },
        {
          "output_state": {
            "Properties": {
              "level": "0"
            },
            "Name": "minecraft:water"
          },
          "input_predicate": {
            "block": "minecraft:red_sand",
            "predicate_type": "minecraft:block_match"
          },
          "location_predicate": {
            "block": "minecraft:water",
            "predicate_type": "minecraft:block_match"
          }
        }
      ],
      "processor_type": "minecraft:rule"
    }
  ]
}