{
  "processors": [
    {
      "rules": [
        {
          "position_predicate": {
            "predicate_type": "minecraft:always_true"
          },
          "output_state": {
            "Name": "minecraft:smooth_red_sandstone"
          },
          "input_predicate": {
            "block": "minecraft:grass_path",
            "probability": 0.35,
            "predicate_type": "minecraft:random_block_match"
          },
          "location_predicate": {
            "predicate_type": "minecraft:always_true"
          }
        },
        {
          "position_predicate": {
            "predicate_type": "minecraft:always_true"
          },
          "output_state": {
            "Name": "minecraft:orange_terracotta"
          },
          "input_predicate": {
            "block": "minecraft:terracotta",
            "probability": 0.3,
            "predicate_type": "minecraft:random_block_match"
          },
          "location_predicate": {
            "predicate_type": "minecraft:always_true"
          }
        },
        {
          "position_predicate": {
            "predicate_type": "minecraft:always_true"
          },
          "output_state": {
            "Properties": {
              "axis": "x"
            },
            "Name": "minecraft:hay_block"
          },
          "input_predicate": {
            "block": "minecraft:hay_block",
            "probability": 0.075,
            "predicate_type": "minecraft:random_block_match"
          },
          "location_predicate": {
            "predicate_type": "minecraft:always_true"
          }
        },
        {
          "position_predicate": {
            "predicate_type": "minecraft:always_true"
          },
          "output_state": {
            "Properties": {
              "axis": "y"
            },
            "Name": "minecraft:hay_block"
          },
          "input_predicate": {
            "block": "minecraft:hay_block",
            "probability": 0.075,
            "predicate_type": "minecraft:random_block_match"
          },
          "location_predicate": {
            "predicate_type": "minecraft:always_true"
          }
        },
        {
          "position_predicate": {
            "predicate_type": "minecraft:always_true"
          },
          "output_state": {
            "Properties": {
              "axis": "z"
            },
            "Name": "minecraft:hay_block"
          },
          "input_predicate": {
            "block": "minecraft:hay_block",
            "probability": 0.075,
            "predicate_type": "minecraft:random_block_match"
          },
          "location_predicate": {
            "predicate_type": "minecraft:always_true"
          }
        }
      ],
      "processor_type": "minecraft:rule"
    }
  ]
}