{
  "config": {
    "feature": {
      "config": {
        "feature": {
          "config": {
            "feature": {
              "config": {
                "feature": {
                  "config": {
                    "target": {
                      "Name": "minecraft:yellow_terracotta"
                    },
                    "state": {
                      "Name": "minecraft:lime_terracotta"
                    },
                    "radius": 96
                  },
                  "type": "minecraft:netherrack_replace_blobs"
                },
                "decorator": {
                  "config": {
                    "bottom_offset": 64,
                    "top_offset": 0,
                    "maximum": 64
                  },
                  "type": "minecraft:range"
                }
              },
              "type": "minecraft:decorated"
            },
            "decorator": {
              "config": {},
              "type": "minecraft:square"
            }
          },
          "type": "minecraft:decorated"
        },
        "decorator": {
          "config": {
            "count": 128
          },
          "type": "minecraft:count"
        }
      },
      "type": "minecraft:decorated"
    },
    "decorator": {
      "config": {
        "count": 4
      },
      "type": "minecraft:count"
    }
  },
  "type": "minecraft:decorated"
}