{
  "generator": {
    "type": "minecraft:noise",
    "seed": 0,
    "biome_source": {
      "type": "minecraft:multi_noise",
      "humidity_noise": {
        "firstOctave": -9,
        "amplitudes": [
          0.8,
          0.8
        ]
      },
      "altitude_noise": {
        "firstOctave": -8,
        "amplitudes": [
          1.1,
          1.1
        ]
      },
      "weirdness_noise": {
        "firstOctave": -4,
        "amplitudes": [
          0.02,
          0.02
        ]
      },
      "temperature_noise": {
        "firstOctave": -9,
        "amplitudes": [
          0.8,
          0.8
        ]
      },
      "seed": 0,
      "biomes": [
        {
          "parameters": {
            "altitude": 0.1,
            "weirdness": 0.0,
            "offset": 0.0,
            "temperature": 0.425,
            "humidity": -0.05
          },
          "biome": "minecraft:badlands"
        },
        {
          "parameters": {
            "altitude": 0.1,
            "weirdness": 0.009,
            "offset": 0.0,
            "temperature": 0.425,
            "humidity": -0.05
          },
          "biome": "minecraft:badlands_plateau"
        },
        {
          "parameters": {
            "altitude": 0.2,
            "weirdness": 0.0,
            "offset": 0.2,
            "temperature": 0.35,
            "humidity": 0.45
          },
          "biome": "minecraft:bamboo_jungle"
        },
        {
          "parameters": {
            "altitude": 0.2,
            "weirdness": 0.007,
            "offset": 0.2,
            "temperature": 0.35,
            "humidity": 0.45
          },
          "biome": "minecraft:bamboo_jungle_hills"
        },
        {
          "parameters": {
            "altitude": 0.15,
            "weirdness": 0.0,
            "offset": 0.05,
            "temperature": -0.15,
            "humidity": -0.05
          },
          "biome": "minecraft:birch_forest"
        },
        {
          "parameters": {
            "altitude": 0.15,
            "weirdness": 0.007,
            "offset": 0.05,
            "temperature": -0.15,
            "humidity": -0.05
          },
          "biome": "minecraft:birch_forest_hills"
        },
        {
          "parameters": {
            "altitude": -0.45,
            "weirdness": 0.0,
            "offset": 0.0,
            "temperature": -0.1,
            "humidity": 0.15
          },
          "biome": "minecraft:cold_ocean"
        },
        {
          "parameters": {
            "altitude": 0.1,
            "weirdness": 0.0,
            "offset": 0.05,
            "temperature": 0.05,
            "humidity": 0.1
          },
          "biome": "minecraft:dark_forest"
        },
        {
          "parameters": {
            "altitude": 0.1,
            "weirdness": 0.007,
            "offset": 0.05,
            "temperature": 0.05,
            "humidity": 0.1
          },
          "biome": "minecraft:dark_forest_hills"
        },
        {
          "parameters": {
            "altitude": -0.65,
            "weirdness": 0.0,
            "offset": 0.0,
            "temperature": -0.1,
            "humidity": 0.15
          },
          "biome": "minecraft:deep_cold_ocean"
        },
        {
          "parameters": {
            "altitude": -0.65,
            "weirdness": 0.0,
            "offset": 0.0,
            "temperature": -0.25,
            "humidity": -0.1
          },
          "biome": "minecraft:deep_frozen_ocean"
        },
        {
          "parameters": {
            "altitude": -0.65,
            "weirdness": 0.0,
            "offset": 0.0,
            "temperature": 0.15,
            "humidity": -0.01
          },
          "biome": "minecraft:deep_lukewarm_ocean"
        },
        {
          "parameters": {
            "altitude": -0.65,
            "weirdness": 0.0,
            "offset": 0.0,
            "temperature": 0.0,
            "humidity": 0.0
          },
          "biome": "minecraft:deep_ocean"
        },
        {
          "parameters": {
            "altitude": -0.65,
            "weirdness": 0.0,
            "offset": 0.0,
            "temperature": 0.15,
            "humidity": 0.15
          },
          "biome": "minecraft:deep_warm_ocean"
        },
        {
          "parameters": {
            "altitude": 0.05,
            "weirdness": 0.0,
            "offset": 0.0,
            "temperature": 0.25,
            "humidity": -0.45
          },
          "biome": "minecraft:desert"
        },
        {
          "parameters": {
            "altitude": 0.05,
            "weirdness": 0.007,
            "offset": 0.0,
            "temperature": 0.25,
            "humidity": -0.45
          },
          "biome": "minecraft:desert_hills"
        },
        {
          "parameters": {
            "altitude": 0.65,
            "weirdness": 0.0,
            "offset": 0.0,
            "temperature": 0.25,
            "humidity": -0.45
          },
          "biome": "minecraft:desert_lakes"
        },
        {
          "parameters": {
            "altitude": 0.7,
            "weirdness": 0.0,
            "offset": 0.0,
            "temperature": 0.425,
            "humidity": -0.05
          },
          "biome": "minecraft:eroded_badlands"
        },
        {
          "parameters": {
            "altitude": 0.7,
            "weirdness": 0.0,
            "offset": 0.0,
            "temperature": -0.05,
            "humidity": 0.15
          },
          "biome": "minecraft:flower_forest"
        },
        {
          "parameters": {
            "altitude": 0.1,
            "weirdness": 0.0,
            "offset": 0.0,
            "temperature": -0.05,
            "humidity": 0.15
          },
          "biome": "minecraft:forest"
        },
        {
          "parameters": {
            "altitude": -0.45,
            "weirdness": 0.0,
            "offset": 0.0,
            "temperature": -0.25,
            "humidity": -0.1
          },
          "biome": "minecraft:frozen_ocean"
        },
        {
          "parameters": {
            "altitude": 0.65,
            "weirdness": 0.0,
            "offset": 0.0,
            "temperature": -0.4,
            "humidity": 0.375
          },
          "biome": "minecraft:giant_spruce_taiga"
        },
        {
          "parameters": {
            "altitude": 0.65,
            "weirdness": 0.007,
            "offset": 0.0,
            "temperature": -0.4,
            "humidity": 0.375
          },
          "biome": "minecraft:giant_spruce_taiga_hills"
        },
        {
          "parameters": {
            "altitude": 0.15,
            "weirdness": 0.0,
            "offset": 0.0,
            "temperature": -0.4,
            "humidity": 0.375
          },
          "biome": "minecraft:giant_tree_taiga"
        },
        {
          "parameters": {
            "altitude": 0.15,
            "weirdness": 0.007,
            "offset": 0.0,
            "temperature": -0.4,
            "humidity": 0.375
          },
          "biome": "minecraft:giant_tree_taiga_hills"
        },
        {
          "parameters": {
            "altitude": 0.3,
            "weirdness": -0.01,
            "offset": 0.0,
            "temperature": -0.1,
            "humidity": -0.2
          },
          "biome": "minecraft:gravelly_mountains"
        },
        {
          "parameters": {
            "altitude": 0.5,
            "weirdness": 0.0,
            "offset": 0.225,
            "temperature": -0.45,
            "humidity": -0.25
          },
          "biome": "minecraft:ice_spikes"
        },
        {
          "parameters": {
            "altitude": 0.0,
            "weirdness": 0.0,
            "offset": 0.0,
            "temperature": 0.3,
            "humidity": 0.45
          },
          "biome": "minecraft:jungle"
        },
        {
          "parameters": {
            "altitude": 0.0,
            "weirdness": 0.0,
            "offset": 0.1,
            "temperature": 0.3,
            "humidity": 0.425
          },
          "biome": "minecraft:jungle_edge"
        },
        {
          "parameters": {
            "altitude": 0.0,
            "weirdness": 0.007,
            "offset": 0.0,
            "temperature": 0.3,
            "humidity": 0.45
          },
          "biome": "minecraft:jungle_hills"
        },
        {
          "parameters": {
            "altitude": -0.45,
            "weirdness": 0.0,
            "offset": 0.0,
            "temperature": 0.15,
            "humidity": -0.1
          },
          "biome": "minecraft:lukewarm_ocean"
        },
        {
          "parameters": {
            "altitude": 0.7,
            "weirdness": 0.009,
            "offset": 0.0,
            "temperature": 0.425,
            "humidity": -0.05
          },
          "biome": "minecraft:modified_badlands_plateau"
        },
        {
          "parameters": {
            "altitude": 0.65,
            "weirdness": -0.01,
            "offset": 0.0,
            "temperature": -0.1,
            "humidity": -0.2
          },
          "biome": "minecraft:modified_gravelly_mountains"
        },
        {
          "parameters": {
            "altitude": 0.55,
            "weirdness": 0.0,
            "offset": 0.0,
            "temperature": 0.3,
            "humidity": 0.45
          },
          "biome": "minecraft:modified_jungle"
        },
        {
          "parameters": {
            "altitude": 0.55,
            "weirdness": 0.0,
            "offset": 0.1,
            "temperature": 0.3,
            "humidity": 0.425
          },
          "biome": "minecraft:modified_jungle_edge"
        },
        {
          "parameters": {
            "altitude": 0.7,
            "weirdness": -0.009,
            "offset": 0.0,
            "temperature": 0.425,
            "humidity": -0.05
          },
          "biome": "minecraft:modified_wooded_badlands_plateau"
        },
        {
          "parameters": {
            "altitude": 0.25,
            "weirdness": 0.0,
            "offset": 0.05,
            "temperature": -0.075,
            "humidity": -0.175
          },
          "biome": "minecraft:mountain_edge"
        },
        {
          "parameters": {
            "altitude": 0.3,
            "weirdness": 0.0,
            "offset": 0.0,
            "temperature": -0.1,
            "humidity": -0.2
          },
          "biome": "minecraft:mountains"
        },
        {
          "parameters": {
            "altitude": -0.75,
            "weirdness": -0.0,
            "offset": 0.0,
            "temperature": -0.25,
            "humidity": 0.2
          },
          "biome": "minecraft:mushroom_fields"
        },
        {
          "parameters": {
            "altitude": -0.45,
            "weirdness": 0.0,
            "offset": 0.0,
            "temperature": 0.0,
            "humidity": 0.0
          },
          "biome": "minecraft:ocean"
        },
        {
          "parameters": {
            "altitude": 0.05,
            "weirdness": 0.0,
            "offset": 0.1,
            "temperature": 0.1,
            "humidity": -0.1
          },
          "biome": "minecraft:plains"
        },
        {
          "parameters": {
            "altitude": 0.1,
            "weirdness": 0.0,
            "offset": 0.025,
            "temperature": 0.4,
            "humidity": -0.2
          },
          "biome": "minecraft:savanna"
        },
        {
          "parameters": {
            "altitude": 0.1,
            "weirdness": 0.005,
            "offset": 0.025,
            "temperature": 0.4,
            "humidity": -0.2
          },
          "biome": "minecraft:savanna_plateau"
        },
        {
          "parameters": {
            "altitude": 0.75,
            "weirdness": 0.0,
            "offset": 0.0,
            "temperature": 0.4,
            "humidity": -0.2
          },
          "biome": "minecraft:shattered_savanna"
        },
        {
          "parameters": {
            "altitude": 0.75,
            "weirdness": 0.005,
            "offset": 0.0,
            "temperature": 0.4,
            "humidity": -0.2
          },
          "biome": "minecraft:shattered_savanna_plateau"
        },
        {
          "parameters": {
            "altitude": 0.0,
            "weirdness": 0.008,
            "offset": 0.0,
            "temperature": -0.45,
            "humidity": -0.2
          },
          "biome": "minecraft:snowy_mountains"
        },
        {
          "parameters": {
            "altitude": 0.1,
            "weirdness": 0.0,
            "offset": 0.0,
            "temperature": -0.3,
            "humidity": -0.05
          },
          "biome": "minecraft:snowy_taiga"
        },
        {
          "parameters": {
            "altitude": 0.1,
            "weirdness": 0.007,
            "offset": 0.0,
            "temperature": -0.3,
            "humidity": -0.05
          },
          "biome": "minecraft:snowy_taiga_hills"
        },
        {
          "parameters": {
            "altitude": 0.65,
            "weirdness": 0.0,
            "offset": 0.0,
            "temperature": -0.3,
            "humidity": -0.05
          },
          "biome": "minecraft:snowy_taiga_mountains"
        },
        {
          "parameters": {
            "altitude": 0.0,
            "weirdness": 0.0,
            "offset": 0.0,
            "temperature": -0.45,
            "humidity": -0.2
          },
          "biome": "minecraft:snowy_tundra"
        },
        {
          "parameters": {
            "altitude": 0.75,
            "weirdness": 0.0,
            "offset": 0.05,
            "temperature": 0.1,
            "humidity": -0.1
          },
          "biome": "minecraft:sunflower_plains"
        },
        {
          "parameters": {
            "altitude": 0.0,
            "weirdness": 0.0,
            "offset": 0.0,
            "temperature": 0.05,
            "humidity": 0.35
          },
          "biome": "minecraft:swamp"
        },
        {
          "parameters": {
            "altitude": 0.65,
            "weirdness": 0.0,
            "offset": 0.0,
            "temperature": 0.05,
            "humidity": 0.35
          },
          "biome": "minecraft:swamp_hills"
        },
        {
          "parameters": {
            "altitude": 0.15,
            "weirdness": 0.0,
            "offset": 0.0,
            "temperature": -0.3,
            "humidity": 0.15
          },
          "biome": "minecraft:taiga"
        },
        {
          "parameters": {
            "altitude": 0.15,
            "weirdness": 0.007,
            "offset": 0.0,
            "temperature": -0.3,
            "humidity": 0.15
          },
          "biome": "minecraft:taiga_hills"
        },
        {
          "parameters": {
            "altitude": 0.7,
            "weirdness": 0.0,
            "offset": 0.0,
            "temperature": -0.3,
            "humidity": 0.15
          },
          "biome": "minecraft:taiga_mountains"
        },
        {
          "parameters": {
            "altitude": 0.75,
            "weirdness": 0.0,
            "offset": 0.0,
            "temperature": -0.15,
            "humidity": -0.05
          },
          "biome": "minecraft:tall_birch_forest"
        },
        {
          "parameters": {
            "altitude": 0.75,
            "weirdness": 0.007,
            "offset": 0.0,
            "temperature": -0.15,
            "humidity": -0.05
          },
          "biome": "minecraft:tall_birch_hills"
        },
        {
          "parameters": {
            "altitude": -0.45,
            "weirdness": 0.0,
            "offset": 0.0,
            "temperature": 0.15,
            "humidity": 0.15
          },
          "biome": "minecraft:warm_ocean"
        },
        {
          "parameters": {
            "altitude": 0.1,
            "weirdness": -0.009,
            "offset": 0.0,
            "temperature": 0.425,
            "humidity": -0.05
          },
          "biome": "minecraft:wooded_badlands_plateau"
        },
        {
          "parameters": {
            "altitude": 0.1,
            "weirdness": 0.007,
            "offset": 0.0,
            "temperature": -0.05,
            "humidity": 0.15
          },
          "biome": "minecraft:wooded_hills"
        },
        {
          "parameters": {
            "altitude": 0.3,
            "weirdness": 0.01,
            "offset": 0.0,
            "temperature": -0.1,
            "humidity": -0.2
          },
          "biome": "minecraft:wooded_mountains"
        },
        {
          "parameters": {
            "altitude": 0.35,
            "weirdness": 0.0,
            "offset": 0.0,
            "temperature": 0.0,
            "humidity": -0.5
          },
          "biome": "mmb:volcano"
        },
        {
          "parameters": {
            "altitude": 0.45,
            "weirdness": 0.0,
            "offset": 0.05,
            "temperature": -0.125,
            "humidity": -0.375
          },
          "biome": "mmb:petrified_forest"
        },
        {
          "parameters": {
            "altitude": 0.65,
            "weirdness": 0.0,
            "offset": 0.025,
            "temperature": 0.125,
            "humidity": 0.05
          },
          "biome": "mmb:flower_fields"
        },
        {
          "parameters": {
            "altitude": -0.7,
            "weirdness": 0.0,
            "offset": 0.2,
            "temperature": -0.05,
            "humidity": 0.25
          },
          "biome": "mmb:corrupted_ocean"
        },
        {
          "parameters": {
            "altitude": -0.5,
            "weirdness": 0.0,
            "offset": 0.0,
            "temperature": 0.2,
            "humidity": 0.3
          },
          "biome": "mmb:tropical_islands"
        },
        {
          "parameters": {
            "altitude": 0.7,
            "weirdness": 0.0,
            "offset": 0.0,
            "temperature": -0.25,
            "humidity": -0.25
          },
          "biome": "mmb:stone_wasteland"
        },
        {
          "parameters": {
            "altitude": 0.75,
            "weirdness": 0.0,
            "offset": 0.05,
            "temperature": -0.05,
            "humidity": 0.025
          },
          "biome": "mmb:tall_tree_forest"
        },
        {
          "parameters": {
            "altitude": 0.25,
            "weirdness": 0.0,
            "offset": 0.05,
            "temperature": -0.5,
            "humidity": 0.0
          },
          "biome": "mmb:frozen_forest"
        },
        {
          "parameters": {
            "altitude": 0.65,
            "weirdness": 0.0,
            "offset": 0.0,
            "temperature": 0.5,
            "humidity": 0.25
          },
          "biome": "mmb:crystallized_forest"
        },
        {
          "parameters": {
            "altitude": 0.3,
            "weirdness": 0.0,
            "offset": 0.05,
            "temperature": 0.15,
            "humidity": -0.4
          },
          "biome": "mmb:red_desert"
        },
        {
          "parameters": {
            "altitude": 0.2,
            "weirdness": 0.0,
            "offset": 0.0,
            "temperature": 0.025,
            "humidity": -0.15
          },
          "biome": "mmb:grassland_hills"
        },
        {
          "parameters": {
            "altitude": 0.1,
            "weirdness": 0.0,
            "offset": 0.01,
            "temperature": 0.3,
            "humidity": 0.05
          },
          "biome": "mmb:bush_hills"
        },
        {
          "parameters": {
            "altitude": 0.15,
            "weirdness": 0.0,
            "offset": 0.0,
            "temperature": 0.4,
            "humidity": -0.4
          },
          "biome": "mmb:scorched_dryland"
        },
        {
          "parameters": {
            "altitude": 0.0,
            "weirdness": 0.0,
            "offset": 0.0,
            "temperature": -0.15,
            "humidity": 0.25
          },
          "biome": "mmb:marshland"
        },
        {
          "parameters": {
            "altitude": 0.15,
            "weirdness": 0.0,
            "offset": 0.0,
            "temperature": -0.35,
            "humidity": 0.3
          },
          "biome": "mmb:taiga_lakes"
        },
        {
          "parameters": {
            "altitude": 0.05,
            "weirdness": 0.0,
            "offset": 0.1,
            "temperature": 0.2,
            "humidity": 0.15
          },
          "biome": "mmb:cherry_blossom_grove"
        },
        {
          "parameters": {
            "altitude": -0.8,
            "weirdness": 0.0,
            "offset": 0.0,
            "temperature": -0.25,
            "humidity": 0.2
          },
          "biome": "mmb:mushroom_woods"
        },
        {
          "parameters": {
            "altitude": 0.1,
            "weirdness": 0.0,
            "offset": 0.1,
            "temperature": 0.375,
            "humidity": 0.25
          },
          "biome": "mmb:monsoon_rainforest"
        },
        {
          "parameters": {
            "altitude": 0.2,
            "weirdness": 0.0,
            "offset": 0.0,
            "temperature": -0.2,
            "humidity": -0.225
          },
          "biome": "mmb:glacial_mountains"
        },
        {
          "parameters": {
            "altitude": 0.1,
            "weirdness": 0.0,
            "offset": 0.0,
            "temperature": 0.25,
            "humidity": -0.225
          },
          "biome": "mmb:shrub_desert"
        },
        {
          "parameters": {
            "altitude": 0.5,
            "weirdness": 0.0,
            "offset": 0.1,
            "temperature": 0.15,
            "humidity": -0.025
          },
          "biome": "mmb:fertile_fields"
        },
        {
          "parameters": {
            "altitude": 0.2,
            "weirdness": 0.0,
            "offset": 0.0,
            "temperature": -0.05,
            "humidity": 0.45
          },
          "biome": "mmb:wooly_woods"
        },
        {
          "parameters": {
            "altitude": 0.1,
            "weirdness": 0.0,
            "offset": 0.025,
            "temperature": 0.45,
            "humidity": -0.3
          },
          "biome": "mmb:gravel_desert"
        },
        {
          "parameters": {
            "altitude": -0.6,
            "weirdness": 0.0,
            "offset": 0.15,
            "temperature": -0.15,
            "humidity": -0.3
          },
          "biome": "mmb:ocean_spikes"
        },
        {
          "parameters": {
            "altitude": 0.0,
            "weirdness": 0.0,
            "offset": 0.0,
            "temperature": -0.35,
            "humidity": -0.15
          },
          "biome": "mmb:snowy_shrubland"
        },
        {
          "parameters": {
            "altitude": 0.1,
            "weirdness": 0.0,
            "offset": 0.0,
            "temperature": -0.2,
            "humidity": 0.4
          },
          "biome": "mmb:red_maple_grove"
        },
        {
          "parameters": {
            "altitude": -0.7,
            "weirdness": 0.0,
            "offset": 0.05,
            "temperature": 0.4,
            "humidity": 0.125
          },
          "biome": "mmb:prismarine_cliffs"
        },
        {
          "parameters": {
            "altitude": 0.85,
            "weirdness": 0.0,
            "offset": 0.1,
            "temperature": 0.1,
            "humidity": -0.35
          },
          "biome": "mmb:dirt_pit"
        },
        {
          "parameters": {
            "altitude": -0.5,
            "weirdness": 0.0,
            "offset": 0.0,
            "temperature": 0.3,
            "humidity": 0.1
          },
          "biome": "mmb:sunken_forest"
        },
        {
          "parameters": {
            "altitude": 0.25,
            "weirdness": 0.0,
            "offset": 0.0,
            "temperature": 0.1,
            "humidity": 0.225
          },
          "biome": "mmb:lush_mesa"
        },
        {
          "parameters": {
            "altitude": 0.05,
            "weirdness": 0.0,
            "offset": 0.025,
            "temperature": 0.275,
            "humidity": -0.075
          },
          "biome": "mmb:eucalyptus_forest"
        },
        {
          "parameters": {
            "altitude": 0.1,
            "weirdness": 0.0,
            "offset": 0.1,
            "temperature": -0.425,
            "humidity": 0.175
          },
          "biome": "mmb:dry_mountains"
        },
        {
          "parameters": {
            "altitude": 0.6,
            "weirdness": 0.0,
            "offset": 0.0,
            "temperature": -0.2,
            "humidity": -0.5
          },
          "biome": "mmb:withered_woods"
        }
      ]
    },
    "settings": "minecraft:overworld"
  },
  "type": "minecraft:overworld"
}