{
  "processors": [
    {
      "rules": [
        {
          "output_state": {
            "Name": "minecraft:mossy_cobblestone"
          },
          "input_predicate": {
            "block": "minecraft:cobblestone",
            "probability": 0.8,
            "predicate_type": "minecraft:random_block_match"
          },
          "location_predicate": {
            "predicate_type": "minecraft:always_true"
          }
        },
        {
          "output_state": {
            "Name": "minecraft:air"
          },
          "input_predicate": {
            "tag": "minecraft:doors",
            "predicate_type": "minecraft:tag_match"
          },
          "location_predicate": {
            "predicate_type": "minecraft:always_true"
          }
        },
        {
          "output_state": {
            "Name": "minecraft:air"
          },
          "input_predicate": {
            "block": "minecraft:torch",
            "predicate_type": "minecraft:block_match"
          },
          "location_predicate": {
            "predicate_type": "minecraft:always_true"
          }
        },
        {
          "output_state": {
            "Name": "minecraft:air"
          },
          "input_predicate": {
            "block": "minecraft:wall_torch",
            "predicate_type": "minecraft:block_match"
          },
          "location_predicate": {
            "predicate_type": "minecraft:always_true"
          }
        },
        {
          "output_state": {
            "Properties": {
              "waterlogged": "false",
              "signal_fire": "false",
              "lit": "false",
              "facing": "north"
            },
            "Name": "minecraft:campfire"
          },
          "input_predicate": {
            "block": "minecraft:campfire",
            "predicate_type": "minecraft:block_match"
          },
          "location_predicate": {
            "predicate_type": "minecraft:always_true"
          }
        },
        {
          "output_state": {
            "Name": "minecraft:cobweb"
          },
          "input_predicate": {
            "block": "minecraft:dark_oak_wood",
            "probability": 0.15,
            "predicate_type": "minecraft:random_block_match"
          },
          "location_predicate": {
            "predicate_type": "minecraft:always_true"
          }
        },
        {
          "output_state": {
            "Properties": {
              "west": "false",
              "waterlogged": "false",
              "south": "false",
              "north": "false",
              "east": "false"
            },
            "Name": "minecraft:dark_oak_fence"
          },
          "input_predicate": {
            "block": "minecraft:stripped_dark_oak_log",
            "probability": 0.15,
            "predicate_type": "minecraft:random_block_match"
          },
          "location_predicate": {
            "predicate_type": "minecraft:always_true"
          }
        },
        {
          "output_state": {
            "Name": "minecraft:cobweb"
          },
          "input_predicate": {
            "block": "minecraft:dark_oak_fence_gate",
            "probability": 0.5,
            "predicate_type": "minecraft:random_block_match"
          },
          "location_predicate": {
            "predicate_type": "minecraft:always_true"
          }
        },
        {
          "output_state": {
            "Properties": {
              "west": "false",
              "waterlogged": "false",
              "south": "true",
              "north": "true",
              "east": "false"
            },
            "Name": "minecraft:brown_stained_glass_pane"
          },
          "input_predicate": {
            "block_state": {
              "Properties": {
                "west": "false",
                "waterlogged": "false",
                "south": "true",
                "north": "true",
                "east": "false"
              },
              "Name": "minecraft:glass_pane"
            },
            "predicate_type": "minecraft:blockstate_match"
          },
          "location_predicate": {
            "predicate_type": "minecraft:always_true"
          }
        },
        {
          "output_state": {
            "Properties": {
              "type":"bottom",
              "waterlogged":"false"
            },
            "Name": "minecraft:dark_oak_slab"
          },
          "input_predicate": {
            "block": "minecraft:dark_oak_planks",
            "probability": 0.2,
            "predicate_type": "minecraft:random_block_match"
          },
          "location_predicate": {
            "predicate_type": "minecraft:always_true"
          }
        },
        {
          "output_state": {
            "Properties": {
              "type":"top",
              "waterlogged":"false"
            },
            "Name": "minecraft:dark_oak_slab"
          },
          "input_predicate": {
            "block": "minecraft:dark_oak_planks",
            "probability": 0.2,
            "predicate_type": "minecraft:random_block_match"
          },
          "location_predicate": {
            "predicate_type": "minecraft:always_true"
          }
        },
        {
          "output_state": {
            "Properties": {
              "age": "0"
            },
            "Name": "minecraft:pumpkin_stem"
          },
          "input_predicate": {
            "block": "minecraft:wheat",
            "probability": 0.3,
            "predicate_type": "minecraft:random_block_match"
          },
          "location_predicate": {
            "predicate_type": "minecraft:always_true"
          }
        },
        {
          "output_state": {
            "Properties": {
              "age": "0"
            },
            "Name": "minecraft:potatoes"
          },
          "input_predicate": {
            "block": "minecraft:wheat",
            "probability": 0.2,
            "predicate_type": "minecraft:random_block_match"
          },
          "location_predicate": {
            "predicate_type": "minecraft:always_true"
          }
        }
      ],
      "processor_type": "minecraft:rule"
    }
  ]
}