{
  "starts": [
    "minecraft:mineshaft",
    "minecraft:stronghold"
  ],
  "spawners": {
    "water_ambient": [],
    "ambient": [
      {
        "type": "minecraft:bat",
        "weight": 10,
        "minCount": 8,
        "maxCount": 8
      }
    ],
    "misc": [],
    "water_creature": [],
    "creature": [
      {
        "type": "minecraft:rabbit",
        "weight": 50,
        "minCount": 2,
        "maxCount": 4
      },
      {
        "type": "minecraft:trader_llama",
        "weight": 25,
        "minCount": 3,
        "maxCount": 4
      },
      {
        "type": "minecraft:donkey",
        "weight": 2,
        "minCount": 2,
        "maxCount": 4
      },
      {
        "type": "minecraft:horse",
        "weight": 2,
        "minCount": 2,
        "maxCount": 4
      },
      {
        "type": "minecraft:mule",
        "weight": 1,
        "minCount": 2,
        "maxCount": 4
      }
    ],
    "monster": [
      {
        "type": "minecraft:spider",
        "weight": 100,
        "minCount": 4,
        "maxCount": 4
      },
      {
        "type": "minecraft:zombie",
        "weight": 20,
        "minCount": 4,
        "maxCount": 4
      },
      {
        "type": "minecraft:zombie_villager",
        "weight": 80,
        "minCount": 4,
        "maxCount": 4
      },
      {
        "type": "minecraft:skeleton",
        "weight": 200,
        "minCount": 4,
        "maxCount": 4
      },
      {
        "type": "minecraft:slime",
        "weight": 100,
        "minCount": 4,
        "maxCount": 4
      },
      {
        "type": "minecraft:witch",
        "weight": 5,
        "minCount": 1,
        "maxCount": 1
      }
    ]
  },
  "spawn_costs": {},
  "player_spawn_friendly": false,
  "surface_builder": "mmb:crystallized_forest",
  "carvers": {
    "air": [
      "minecraft:cave",
      "minecraft:canyon"
    ]
  },
  "features": [
    [],
    [
      "minecraft:lake_water"
    ],
    [],
    [
      "minecraft:monster_room"
    ],
    [],
    [],
    [
      "minecraft:ore_dirt",
      "minecraft:ore_gravel",
      "minecraft:ore_iron",
      "minecraft:ore_gold",
      "minecraft:ore_redstone",
      "mmb:crystallized_forest/diamond",
      "mmb:ore_emerald_quintuple",
      "minecraft:ore_lapis",
      "minecraft:disk_sand",
      "minecraft:disk_clay",
      "minecraft:disk_gravel"
    ],
    [],
    [
      "minecraft:spring_lava",
      "minecraft:spring_water",
      "mmb:crystallized_forest/trees",
      "mmb:crystallized_forest/light_rock",
      "mmb:minimal_grass",
      "mmb:crystallized_forest/flowers",
      "minecraft:brown_mushroom_normal",
      "minecraft:red_mushroom_normal"
    ],
    [
      "minecraft:freeze_top_layer"
    ]
  ],
  "scale": 0.15,
  "temperature": 1.0,
  "downfall": 1.0,
  "effects": {
    "mood_sound": {
      "sound": "minecraft:ambient.cave",
      "tick_delay": 6000,
      "block_search_extent": 8,
      "offset": 2.0
    },
    "music": {
      "sound": "minecraft:music.creative",
      "min_delay": 12000,
      "max_delay": 24000,
      "replace_current_music": false
    },
    "sky_color": 11573496,
    "fog_color": 15786239,
    "foliage_color": 16302112,
    "grass_color": 5300472,
    "water_color": 11563216,
    "water_fog_color": 11573440,
    "particle": {
      "options": {
        "type": "minecraft:end_rod"
      },
      "probability": 6.25e-05
    }
  },
  "precipitation": "rain",
  "category": "forest",
  "depth": 0.35
}