{
  "starts": [
    "minecraft:village_plains",
    "minecraft:mineshaft",
    "minecraft:stronghold",
    "minecraft:ruined_portal"
  ],
  "spawners": {
    "water_ambient": [],
    "ambient": [
      {
        "type": "minecraft:bat",
        "weight": 10,
        "minCount": 8,
        "maxCount": 8
      }
    ],
    "misc": [],
    "water_creature": [
      {
        "type": "minecraft:squid",
        "weight": 10,
        "minCount": 4,
        "maxCount": 4
      }
    ],
    "creature": [
      {
        "type": "minecraft:sheep",
        "weight": 12,
        "minCount": 4,
        "maxCount": 4
      },
      {
        "type": "minecraft:pig",
        "weight": 12,
        "minCount": 4,
        "maxCount": 4
      },
      {
        "type": "minecraft:chicken",
        "weight": 12,
        "minCount": 4,
        "maxCount": 4
      },
      {
        "type": "minecraft:cow",
        "weight": 10,
        "minCount": 4,
        "maxCount": 4
      },
      {
        "type": "minecraft:horse",
        "weight": 10,
        "minCount": 2,
        "maxCount": 6
      },
      {
        "type": "minecraft:donkey",
        "weight": 5,
        "minCount": 1,
        "maxCount": 3
      }
    ],
    "monster": [
      {
        "type": "minecraft:spider",
        "weight": 200,
        "minCount": 4,
        "maxCount": 4
      },
      {
        "type": "minecraft:zombie",
        "weight": 95,
        "minCount": 4,
        "maxCount": 4
      },
      {
        "type": "minecraft:zombie_villager",
        "weight": 5,
        "minCount": 1,
        "maxCount": 1
      },
      {
        "type": "minecraft:skeleton",
        "weight": 100,
        "minCount": 4,
        "maxCount": 4
      },
      {
        "type": "minecraft:creeper",
        "weight": 50,
        "minCount": 4,
        "maxCount": 4
      },
      {
        "type": "minecraft:slime",
        "weight": 100,
        "minCount": 4,
        "maxCount": 4
      },
      {
        "type": "minecraft:enderman",
        "weight": 10,
        "minCount": 1,
        "maxCount": 4
      }
    ]
  },
  "spawn_costs": {},
  "player_spawn_friendly": true,
  "surface_builder": "minecraft:grass",
  "carvers": {
    "air": [
      "minecraft:cave",
      "minecraft:canyon"
    ]
  },
  "features": [
    [],
    [
      "minecraft:lake_water"
    ],
    [],
    [
      "minecraft:monster_room"
    ],
    [],
    [],
    [
      "minecraft:ore_dirt",
      "minecraft:ore_gravel",
      "minecraft:ore_granite",
      "minecraft:ore_diorite",
      "minecraft:ore_andesite",
      "minecraft:ore_coal",
      "minecraft:ore_iron",
      "minecraft:ore_gold",
      "minecraft:ore_redstone",
      "minecraft:ore_diamond",
      "minecraft:ore_lapis",
      "minecraft:disk_sand",
      "minecraft:disk_clay",
      "minecraft:disk_gravel",
      "mmb:fertile_field/farmland"
    ],
    [
      "mmb:fertile_field/hay_pile"
    ],
    [
      "mmb:fertile_field/trees",
      "mmb:fertile_field/crops",
      "mmb:sunflower_rare",
      "mmb:tulips",
      "mmb:fertile_field/grass",
      "minecraft:brown_mushroom_normal",
      "minecraft:red_mushroom_normal",
      "minecraft:patch_sugar_cane",
      "minecraft:patch_pumpkin",
      "minecraft:spring_water",
      "minecraft:spring_lava"
    ],
    [
      "minecraft:freeze_top_layer"
    ]
  ],
  "scale": 0.03,
  "temperature": 0.7,
  "downfall": 0.4,
  "effects": {
    "mood_sound": {
      "sound": "minecraft:ambient.cave",
      "tick_delay": 6000,
      "block_search_extent": 8,
      "offset": 2.0
    },
    "sky_color": 8566527,
    "fog_color": 12638463,
    "water_color": 4159204,
    "water_fog_color": 329011
  },
  "precipitation": "rain",
  "category": "plains",
  "depth": 0.1
}