{
  "starts": [
    "minecraft:mineshaft",
    "minecraft:stronghold",
    "minecraft:ruined_portal_mountain"
  ],
  "spawners": {
    "water_ambient": [],
    "ambient": [
      {
        "type": "minecraft:bat",
        "weight": 10,
        "minCount": 4,
        "maxCount": 4
      }
    ],
    "misc": [],
    "water_creature": [],
    "creature": [],
    "monster": [
      {
        "type": "minecraft:cave_spider",
        "weight": 75,
        "minCount": 8,
        "maxCount": 8
      },
      {
        "type": "minecraft:skeleton",
        "weight": 100,
        "minCount": 8,
        "maxCount": 8
      },
      {
        "type": "minecraft:creeper",
        "weight": 100,
        "minCount": 8,
        "maxCount": 8
      },
      {
        "type": "minecraft:slime",
        "weight": 100,
        "minCount": 4,
        "maxCount": 4
      },
      {
        "type": "minecraft:enderman",
        "weight": 10,
        "minCount": 1,
        "maxCount": 4
      },
      {
        "type": "minecraft:witch",
        "weight": 40,
        "minCount": 4,
        "maxCount": 4
      }
    ]
  },
  "spawn_costs": {},
  "player_spawn_friendly": false,
  "surface_builder": "mmb:stone",
  "carvers": {
    "air": [
      "mmb:cave_triple",
      "mmb:canyon_triple"
    ]
  },
  "features": [
    [],
    [
      "minecraft:lake_water",
      "minecraft:lake_lava"
    ],
    [],
    [
      "mmb:monster_room_10"
    ],
    [],
    [],
    [
      "minecraft:ore_gravel",
      "mmb:ore_granite_63",
      "mmb:ore_diorite_63",
      "mmb:ore_andesite_63",
      "minecraft:ore_coal",
      "mmb:stone_wasteland/coal",
      "mmb:ore_iron_double",
      "mmb:ore_gold_double",
      "mmb:ore_redstone_double",
      "mmb:ore_diamond_double",
      "mmb:ore_lapis_double",
      "minecraft:disk_sand",
      "minecraft:disk_clay",
      "minecraft:disk_gravel",
      "mmb:ore_emerald_double"
    ],
    [
      "mmb:ore_infested_double"
    ],
    [
      "mmb:spring_water_64",
      "minecraft:spring_lava",
      "mmb:gravel_pile",
      "mmb:stone_wasteland/ruins_small",
      "mmb:stone_wasteland/ruins_large"
    ],
    []
  ],
  "scale": 0.4,
  "temperature": 0.4,
  "downfall": 0.1,
  "effects": {
    "mood_sound": {
      "sound": "minecraft:ambient.cave",
      "tick_delay": 1000,
      "block_search_extent": 16,
      "offset": 2.0
    },
    "sky_color": 10531000,
    "fog_color": 10531000,
    "foliage_color": 9478282,
    "grass_color": 9080960,
    "water_color": 6318232,
    "water_fog_color": 7375080
  },
  "precipitation": "rain",
  "category": "extreme_hills",
  "depth": 0.9
}