{
  "config": {
    "feature": {
      "config": {
        "feature": {
          "config": {
            "feature": {
              "config": {
                "target": {
                  "tag": "mmb:grass_dirt",
                  "predicate_type": "minecraft:tag_match"
                },
                "state": {
                  "Name": "minecraft:snow_block"
                },
                "size": 16
              },
              "type": "minecraft:ore"
            },
            "decorator": {
              "config": {
                "outer": {
                  "config": {},
                  "type": "minecraft:square"
                },
                "inner": {
                  "config": {},
                  "type": "minecraft:heightmap_world_surface"
                }
              },
              "type": "minecraft:decorated"
            }
          },
          "type": "minecraft:decorated"
        },
        "decorator": {
          "config": {
            "count": 128
          },
          "type": "minecraft:count"
        }
      },
      "type": "minecraft:decorated"
    },
    "decorator": {
      "config": {
        "count": 6
      },
      "type": "minecraft:count"
    }
  },
  "type": "minecraft:decorated"
}