{
  "bedrock_roof_position": 0,
  "bedrock_floor_position": 0,
  "sea_level": 5,
  "disable_mob_generation": false,
  "structures": {
    "structures": {
      "minecraft:fortress": {
            "spacing": 5,
            "separation": 4,
            "salt": 30084232
          },

      "minecraft:bastion_remnant": {
            "spacing": 15,
            "separation": 6,
            "salt": 30084232
          }
        }
  },
  "noise": {
    "random_density_offset": true,
    "density_factor": 0.001,
    "density_offset": -0.46875,
    "simplex_surface_noise": true,
	"amplified": true,
    "bottom_slide": {
      "target": -30,
      "size": 0,
      "offset": 0
    },
    "size_horizontal": 4,
    "size_vertical": 1,
    "height": 256,
    "sampling": {
      "xz_scale": 1,
      "y_scale": 1,
      "xz_factor": 80.0,
      "y_factor": 160.0
    },
    "top_slide": {
      "target": -10,
      "size": 3,
      "offset": 0
    }
  },
  "default_block": {
    "Name": "minecraft:bedrock"
  },
  "default_fluid": {
    "Properties": {
      "level": "0"
    },
    "Name": "minecraft:lava"
  }
}