{
  "bedrock_roof_position": -10,
  "bedrock_floor_position": -10,
  "sea_level": 0,
  "disable_mob_generation": false,
  "structures": {
    "structures": {
      "minecraft:bastion_remnant": {
            "spacing": 15,
            "separation": 8,
            "salt": 30084232
          },
          "minecraft:village": {
            "spacing": 10,
            "separation": 6,
            "salt": 30084232
          }
        }
  },
  "noise": {
    "height": 256,
    "sampling": {
      "xz_scale": 1.0,
      "y_scale": 1.0,
      "xz_factor": 80.0,
      "y_factor": 160.0
    },
    "top_slide": {
      "target": -10,
      "size": 3,
      "offset": 0
    },
    "bottom_slide": {
      "target": -30,
      "size": 0,
      "offset": 0
    },
    "size_horizontal": 3,
    "size_vertical": 1,
    "density_factor": 0.04,
    "density_offset": -0.46875,
    "simplex_surface_noise": true,
    "amplified": true
  },
  "default_block": {
    "Name": "minecraft:redstone_block"
  },
  "default_fluid": {
    "Name": "minecraft:lava",
        "Properties": {
          "level": "0"
        }
  }
}
