{
  "bedrock_roof_position": -1,
  "bedrock_floor_position": -5,
  "sea_level": 63,
  "disable_mob_generation": false,
  "structures": {
    "structures": {
      "minecraft:village": {
            "spacing": 26,
            "separation": 16,
            "salt": 14357921
          }
        }
  },
  "noise": {
    "height": 256,
    "sampling": {
      "xz_scale": 1.0,
      "y_scale": 1.0,
      "xz_factor": 80.0,
      "y_factor": 160.0
    },
    "top_slide": {
      "target": -10,
      "size": 3,
      "offset": 0
    },
    "bottom_slide": {
      "target": -30,
      "size": 0,
      "offset": 0
    },
    "size_horizontal": 2,
    "size_vertical": 2,
    "density_factor": 1.0,
    "island_noise_override": true,
    "density_offset": -0.46875,
    "simplex_surface_noise": true,
    "amplified": true
  },
  "default_block": {
    "Name": "minecraft:smooth_quartz"
  },
  "default_fluid": {
    "Name": "minecraft:water",
        "Properties": {
          "level": "0"
        }
  }
}
