{
  "bedrock_roof_position": -1,
  "bedrock_floor_position": -10,
  "sea_level": 230,
  "disable_mob_generation": false,
  "structures": {
    "structures": {
            "minecraft:bastion_remnant": {
            "spacing": 15,
            "separation": 6,
            "salt": 30084232
          }
        }
  },
  "noise": {
    "height": 256,
    "sampling": {
      "xz_scale": 10.0,
      "y_scale": 1.0,
      "xz_factor": 80.0,
      "y_factor": 160.0
    },
    "top_slide": {
      "target": -20,
      "size": 3,
      "offset": 0
    },
    "bottom_slide": {
      "target": -30,
      "size": 0,
      "offset": 0
    },
    "size_horizontal": 2,
    "size_vertical": 4,
    "density_factor": 0.02,
    "density_offset": -0.46875,
    "simplex_surface_noise": true,
    "amplified": true
  },
  "default_block": {
    "Name": "minecraft:prismarine"
  },
  "default_fluid": {
    "Name": "minecraft:water",
        "Properties": {
          "level": "0"
        }
  }
}
