{
  "bedrock_roof_position": 0,
  "bedrock_floor_position": 0,
  "sea_level": 43,
  "disable_mob_generation": false,
  "structures": {
    "structures": {"minecraft:stronghold": {
            "spacing": 1,
            "separation": 0,
            "salt": 0
          },
          "minecraft:bastion_remnant": {
            "spacing": 9,
            "separation": 5,
            "salt": 0
          },
        "minecraft:mineshaft": {
            "spacing": 3,
            "separation": 2,
            "salt": 0
          }
        }
  },
  "noise": {
    "height": 256,
    "sampling": {
      "xz_scale": 7.0,
      "y_scale": 1.0,
      "xz_factor": 160.0,
      "y_factor": 200.0
    },
    "top_slide": {
      "target": 50,
      "size": 18,
      "offset": 0
    },
    "bottom_slide": {
      "target": -3,
      "size": 1,
      "offset": 0
    },
    "size_horizontal": 4,
    "size_vertical": 2,
    "density_factor": 1.0,
    "density_offset": -0.3,
    "simplex_surface_noise": true,
    "amplified": true
  },
  "default_block": {
    "Name": "minecraft:stone"
  },
  "default_fluid": {
    "Name": "minecraft:water",
        "Properties": {
          "level": "0"
        }
  }
}
