{
  "bedrock_roof_position": -1,
  "bedrock_floor_position": -10,
  "sea_level": 0,
  "disable_mob_generation": false,
  "structures": {
    "structures": {}
  },
  "noise": {
    "height": 256,
    "sampling": {
      "xz_scale": 0.2,
      "y_scale": 0.2,
      "xz_factor": 80.0,
      "y_factor": 160.0
    },
    "top_slide": {
      "target": -10,
      "size": 3,
      "offset": 0
    },
    "bottom_slide": {
      "target": -30,
      "size": 0,
      "offset": 0
    },
    "size_horizontal": 4,
    "size_vertical": 4,
    "density_factor": 1.0,
    "density_offset": -0.46875,
    "simplex_surface_noise": true
  },
  "default_block": {
    "Name": "minecraft:air"
  },
  "default_fluid": {
    "Name": "minecraft:water",
        "Properties": {
          "level": "0"
        }
  }
}
