{
  "config": {
    "feature": {
      "config": {
        "feature": {
          "config": {
            "hat_state": {
              "Properties": {
                "persistent": "true",
                "distance": "7"
              },
              "Name": "minecraft:birch_leaves"
            },
            "decor_state": {
              "Properties": {
                "persistent": "true",
                "distance": "7"
              },
              "Name": "minecraft:birch_leaves"
            },
            "planted": false,
            "valid_base_block": {
              "Name": "minecraft:dirt"
            },
            "stem_state": {
              "Properties": {
                "axis": "y"
              },
              "Name": "minecraft:oak_log"
            }
          },
          "type": "minecraft:huge_fungus"
        },
        "decorator": {
          "config": {
            "outer": {
              "config": {},
              "type": "minecraft:square"
            },
            "inner": {
              "config": {},
              "type": "minecraft:top_solid_heightmap"
            }
          },
          "type": "minecraft:decorated"
        }
      },
      "type": "minecraft:decorated"
    },
    "decorator": {
      "config": {
        "count": 0,
        "extra_chance": 0.5,
        "extra_count": 1
      },
      "type": "minecraft:count_extra"
    }
  },
  "type": "minecraft:decorated"
}