{
  "fallback": "minecraft:empty",
  "name": "chi_dimensions:plastic/village/corner_paths",
  "elements": [
    {
      "weight": 1,
      "element": {
        "location": "chi_dimensions:plastic/village/paths/corner_0",
        "processors": "minecraft:mossify_20_percent",
        "projection": "terrain_matching",
        "element_type": "minecraft:legacy_single_pool_element"
      }
    },

    {
      "weight": 1,
      "element": {
        "location": "chi_dimensions:plastic/village/paths/crossroad_0",
        "processors": "minecraft:mossify_20_percent",
        "projection": "terrain_matching",
        "element_type": "minecraft:legacy_single_pool_element"
      }
    }
  ]
}