{
  "fallback": "minecraft:empty",
  "name": "chi_dimensions:plastic/village/town_center",
  "elements": [
    {
      "weight": 1,
      "element": {
        "location": "chi_dimensions:plastic/village/structures/cat_sphinx",
        "processors": "minecraft:mossify_20_percent",
        "projection": "rigid",
        "element_type": "minecraft:legacy_single_pool_element"
      }
    },

    {
      "weight": 7,
      "element": {
        "location": "chi_dimensions:plastic/village/structures/fish_fossil",
        "processors": "minecraft:mossify_20_percent",
        "projection": "rigid",
        "element_type": "minecraft:legacy_single_pool_element"
      }
    }
  ]
}