{
  "processors": [
    {
      "rules": [
        {
          "output_state": {
            "Name": "minecraft:stone"
          },
          "input_predicate": {
            "block": "minecraft:cracked_polished_blackstone_bricks",
            "probability": 0.7,
            "predicate_type": "minecraft:random_block_match"
          },
          "location_predicate": {
            "predicate_type": "minecraft:always_true"
          }
        }
      ],
      "processor_type": "minecraft:rule"
    }
  ]
}