{
  "fallback": "minecraft:empty",
  "name": "chi_dimensions:chi/village/town_statues",
  "elements": [
    {
      "weight": 5,
      "element": {
        "location": "chi_dimensions:chi/village/statues/chibi",
        "processors": "minecraft:mossify_20_percent",
        "projection": "rigid",
        "element_type": "minecraft:legacy_single_pool_element"
      }
    },

    {
      "weight": 4,
      "element": {
        "location": "chi_dimensions:chi/village/statues/classic",
        "processors": "minecraft:mossify_20_percent",
        "projection": "rigid",
        "element_type": "minecraft:legacy_single_pool_element"
      }
    },

    {
      "weight": 3,
      "element": {
        "location": "chi_dimensions:chi/village/statues/jade",
        "processors": "minecraft:mossify_20_percent",
        "projection": "rigid",
        "element_type": "minecraft:legacy_single_pool_element"
      }
    },

    {
      "weight": 1,
      "element": {
        "location": "chi_dimensions:chi/village/statues/reknown",
        "processors": "minecraft:mossify_20_percent",
        "projection": "rigid",
        "element_type": "minecraft:legacy_single_pool_element"
      }
    },

    {
      "weight": 2,
      "element": {
        "location": "chi_dimensions:chi/village/statues/wrecked",
        "processors": "minecraft:mossify_20_percent",
        "projection": "rigid",
        "element_type": "minecraft:legacy_single_pool_element"
      }
    }
  ]
}