{
  "fallback": "minecraft:empty",
  "name": "chi_dimensions:chi/village/town_center",
  "elements": [
    {
      "weight": 1,
      "element": {
        "location": "chi_dimensions:chi/village/paths/town_center_0",
        "processors": "minecraft:mossify_20_percent",
        "projection": "terrain_matching",
        "element_type": "minecraft:legacy_single_pool_element"
      }
    },

    {
      "weight": 1,
      "element": {
        "location": "chi_dimensions:chi/village/paths/town_center_1",
        "processors": "minecraft:mossify_20_percent",
        "projection": "terrain_matching",
        "element_type": "minecraft:legacy_single_pool_element"
      }
    }
  ]
}