{
  "fallback": "minecraft:empty",
  "name": "chi_dimensions:chi/village/town_trees",
  "elements": [
    {
      "weight": 1,
      "element": {
        "location": "chi_dimensions:chi/village/trees/maple",
        "processors": "minecraft:mossify_20_percent",
        "projection": "rigid",
        "element_type": "minecraft:legacy_single_pool_element"
      }
    },

    {
      "weight": 2,
      "element": {
        "location": "chi_dimensions:chi/village/trees/willow",
        "processors": "minecraft:mossify_20_percent",
        "projection": "rigid",
        "element_type": "minecraft:legacy_single_pool_element"
      }
    },

    {
      "weight": 3,
      "element": {
        "location": "chi_dimensions:chi/village/trees/pink",
        "processors": "minecraft:mossify_20_percent",
        "projection": "rigid",
        "element_type": "minecraft:legacy_single_pool_element"
      }
    }
  ]
}