{
  "fallback": "minecraft:empty",
  "name": "chi_dimensions:chi/village/town_houses_0",
  "elements": [
    {
      "weight": 2,
      "element": {
        "location": "chi_dimensions:chi/village/houses/large_0",
        "processors": "minecraft:mossify_20_percent",
        "projection": "rigid",
        "element_type": "minecraft:legacy_single_pool_element"
      }
    },

    {
      "weight": 1,
      "element": {
        "location": "chi_dimensions:chi/village/houses/small_0",
        "processors": "minecraft:mossify_20_percent",
        "projection": "rigid",
        "element_type": "minecraft:legacy_single_pool_element"
      }
    },

    {
      "weight": 3,
      "element": {
        "location": "chi_dimensions:chi/village/houses/large_1",
        "processors": "minecraft:mossify_20_percent",
        "projection": "rigid",
        "element_type": "minecraft:legacy_single_pool_element"
      }
    },

    {
      "weight": 4,
      "element": {
        "location": "chi_dimensions:chi/village/houses/church_0",
        "processors": "minecraft:mossify_20_percent",
        "projection": "rigid",
        "element_type": "minecraft:legacy_single_pool_element"
      }
    }
  ]
}