{
  "name": "mmb:pillager_settlement/pile",
  "fallback": "minecraft:empty",
  "elements": [
    {
      "weight": 6,
      "element": {
        "feature": "mmb:dark_oak_pile",
        "projection": "rigid",
        "element_type": "minecraft:feature_pool_element"
      }
    },
    {
      "weight": 2,
      "element": {
        "feature": "minecraft:pile_hay",
        "projection": "rigid",
        "element_type": "minecraft:feature_pool_element"
      }
    },
    {
      "weight": 2,
      "element": {
        "element_type": "minecraft:empty_pool_element"
      }
    }
  ]
}