{
  "name": "mmb:pillager_settlement/road_straight",
  "fallback": "mmb:pillager_settlement/road_end",
  "elements": [
    {
      "weight": 4,
      "element": {
        "location": "mmb:pillager_settlement/road_medium",
        "processors": "mmb:pillager_settlement_variation",
        "projection": "terrain_matching",
        "element_type": "minecraft:legacy_single_pool_element"
      }
    },
    {
      "weight": 3,
      "element": {
        "location": "mmb:pillager_settlement/road_long",
        "processors": "mmb:pillager_settlement_variation",
        "projection": "terrain_matching",
        "element_type": "minecraft:legacy_single_pool_element"
      }
    },
    {
      "weight": 1,
      "element": {
        "location": "mmb:pillager_settlement/road_short_double",
        "processors": "mmb:pillager_settlement_variation",
        "projection": "terrain_matching",
        "element_type": "minecraft:legacy_single_pool_element"
      }
    },
    {
      "weight": 2,
      "element": {
        "location": "mmb:pillager_settlement/road_short_single",
        "processors": "mmb:pillager_settlement_variation",
        "projection": "terrain_matching",
        "element_type": "minecraft:legacy_single_pool_element"
      }
    }
  ]
}