{
  "name": "mmb:pillager_settlement/storage_barrel",
  "fallback": "minecraft:empty",
  "elements": [
    {
      "weight": 2,
      "element": {
        "location": "mmb:pillager_settlement/treasure_barrel_3",
        "processors": "minecraft:empty",
        "projection": "rigid",
        "element_type": "minecraft:legacy_single_pool_element"
      }
    },
    {
      "weight": 3,
      "element": {
        "location": "mmb:pillager_settlement/treasure_barrel_4",
        "processors": "minecraft:empty",
        "projection": "rigid",
        "element_type": "minecraft:legacy_single_pool_element"
      }
    }
  ]
}