{
  "pools": [
    {
      "rolls": {
        "min": 1,
        "max": 2
      },
      "entries": [
        {
          "type": "minecraft:item",
          "name": "minecraft:coarse_dirt",
          "weight": 5
        },
        {
          "type": "minecraft:item",
          "name": "minecraft:stick",
          "weight": 2,
          "functions": [
            {
              "function": "minecraft:set_count",
              "count": {
                "min": 1,
                "max": 2
              }
            }
          ]
        },
        {
          "type": "minecraft:item",
          "name": "minecraft:acacia_log",
          "weight": 1
        },
        {
          "type": "minecraft:item",
          "name": "minecraft:white_dye",
          "functions": [
            {
              "function": "minecraft:set_nbt",
              "tag": "{display:{Name:'{\"text\":\"Termite Larva\",\"italic\":false}'},IsTermite:1b}"
            }
          ],
          "conditions": [
            {
              "condition": "minecraft:random_chance_with_looting",
              "chance": 0.5,
              "looting_multiplier": 0.1
            }
          ]
        }
      ]
    }
  ]
}