{
  "config": {
    "feature": {
      "config": {
        "feature": {
          "config": {
            "feature": {
              "config": {
                "target": {
                  "Name": "minecraft:stone"
                },
                "state": {
                  "Name": "minecraft:blackstone"
                },
                "radius": {
                  "base": 8,
                  "spread": 0
                }
              },
              "type": "minecraft:netherrack_replace_blobs"
            },
            "decorator": {
              "config": {
                "bottom_offset": 0,
                "top_offset": 0,
                "maximum": 50
              },
              "type": "minecraft:range"
            }
          },
          "type": "minecraft:decorated"
        },
        "decorator": {
          "config": {},
          "type": "minecraft:square"
        }
      },
      "type": "minecraft:decorated"
    },
    "decorator": {
      "config": {
        "count": 18
      },
      "type": "minecraft:count"
    }
  },
  "type": "minecraft:decorated"
}