{
  "config": {
    "feature": {
      "config": {
        "hat_state": {
          "Name": "minecraft:yellow_stained_glass"
        },
        "decor_state": {
          "Name": "minecraft:red_stained_glass"
        },
        "planted": false,
        "valid_base_block": {
          "Name": "minecraft:brown_stained_glass"
        },
        "stem_state": {
          "Properties": {
            "axis": "y"
          },
          "Name": "minecraft:brown_stained_glass"



        }
      },
      "type": "minecraft:huge_fungus"
    },
    "decorator": {
      "config": {
        "count": 100
      },
      "type": "minecraft:count_multilayer"
    }
  },
  "type": "minecraft:decorated"
}