{
  "config": {
    "feature": {
      "config": {
        "feature": {
          "config": {
            "state": {
              "Name": "minecraft:nether_gold_ore"
            }
          },
          "type": "minecraft:forest_rock"
        },
        "decorator": {
          "config": {
            "outer": {
              "config": {},
              "type": "minecraft:square"
            },
            "inner": {
              "config": {},
              "type": "minecraft:heightmap"
            }
          },
          "type": "minecraft:decorated"
        }
      },
      "type": "minecraft:decorated"
    },
    "decorator": {
      "config": {
        "count": {
          "base": 1,
          "spread": 2
        }
      },
      "type": "minecraft:count"
    }
  },
  "type": "minecraft:decorated"
}