{
  "config": {
    "feature": {
      "config": {
        "can_replace": false,
        "project": false,
        "need_water": false,
        "xspread": 17,
        "yspread": 13,
        "zspread": 17,
        "whitelist": [
          {
            "Name": "minecraft:magma_block"
          }
        ],
        "blacklist": [],
        "tries": 64,
        "state_provider": {
          "state": {
            "Properties": {
              "west": "false",
              "up": "false",
              "south": "false",
              "north": "false",
              "east": "false",
              "age": "0"
            },
            "Name": "minecraft:fire"
          },
          "type": "minecraft:simple_state_provider"
        },
        "block_placer": {
          "type": "minecraft:simple_block_placer"
        }
      },
      "type": "minecraft:random_patch"
    },
    "decorator": {
      "config": {
        "count": 20
      },
      "type": "minecraft:fire"
    }
  },
  "type": "minecraft:decorated"
}