{
  // World Settings:
  "type": "chi_dimensions:settings",

  // Generate Biomes:
  "generator": {
    
    "biome_source": {
      "humidity_noise": {
        "firstOctave": -7,
        "amplitudes": [
          1.0,
          1.0
        ]
      },
      "altitude_noise": {
        "firstOctave": -7,
        "amplitudes": [
          1.0,
          1.0
        ]
      },
      "weirdness_noise": {
        "firstOctave": -7,
        "amplitudes": [
          1.0,
          1.0
        ]
      },
      "seed": 0,
      "biomes": [
        {
          "parameters": {
            "altitude": 0.0,
            "weirdness": 0.0,
            "offset": 0.0,
            "temperature": 0.0,
            "humidity": 0.0
          },
          "biome": "chi_dimensions:custom"
        },

        {
          "parameters": {
            "altitude": 0.5,
            "weirdness": 0.0,
            "offset": 0.0,
            "temperature": 0.0,
            "humidity": -0.5
          },
          "biome": "chi_dimensions:plastic"
        }
      ],
      "temperature_noise": {
        "firstOctave": -7,
        "amplitudes": [
          1.0,
          1.0
        ]
      },
      "type": "minecraft:multi_noise"
    },

    // Generate Structures:
    "seed": 0,
    "settings": "chi_dimensions:structures",
    "type": "minecraft:noise"
  }  
}