{
    "__comment": "Made with TheDestruc7i0n's advancements generator: https://advancements.thedestruc7i0n.ca",
    "display": {
        "title": {
            "text": "A Sincere Thanks."
        },
        "description": {
            "text": "Thanks for downloading the BrackenPack. Have fun!"
        },
        "icon": {
            "item": "minecraft:grass_block"
        },
        "frame": "task",
        "show_toast": true,
        "announce_to_chat": true,
        "hidden": false,
        "background": "minecraft:textures/gui/advancements/backgrounds/stone.png"
    },
    "criteria": {
        "start": {
            "trigger": "minecraft:tick"
        }
    },
    "rewards": {
        "experience": 5
    }
}