{
  "config": {
    "feature": {
      "config": {
        "feature": {
          "config": {
            "state_provider": {
            "entries": [   {     "weight": 5,     "data": {      "Name": "minecraft:obsidian"   }   }   ]   }   },
          "type": "minecraft:ice_spike"
        },
        "decorator": {
          "config": {
            "outer": {
              "config": {},
              "type": "minecraft:square"
            },
            "inner": {
              "config": {},
              "type": "minecraft:heightmap"
            }
          },
          "type": "minecraft:decorated"
        }
      },
      "type": "minecraft:decorated"
    },
    "decorator": {
      "config": {
        "count": 3
      },
      "type": "minecraft:count"
    }
  },
  "type": "minecraft:decorated"
}