{
  "config": {
    "feature": {
      "config": {
        "feature": {
          "config": {
            "feature": {
              "config": {
                "target": {
                  "Name": "minecraft:packed_ice"
                },
                "state": {
                  "Properties": {
                    "axis": "y"
                  },
                  "Name": "minecraft:obsidian"
                },
                "radius": {
                  "base": 20,
                  "spread": 80
                }
              },
              "type": "minecraft:netherrack_replace_blobs"
            },
            "decorator": {
              "config": {
                "bottom_offset": 0,
                "top_offset": 0,
                "maximum": 256
              },
              "type": "minecraft:range"
            }
          },
          "type": "minecraft:decorated"
        },
        "decorator": {
          "config": {},
          "type": "minecraft:square"
        }
      },
      "type": "minecraft:decorated"
    },
    "decorator": {
      "config": {
        "count": 75      },
      "type": "minecraft:count"
    }
  },
  "type": "minecraft:decorated"
}