{
  "config": {
    "feature": {
      "config": {
        "feature": {
          "config": {
            "count": 50
          },
          "type": "minecraft:sea_pickle"
        },
        "decorator": {
          "config": {
            "outer": {
              "config": {},
              "type": "minecraft:square"
            },
            "inner": {
              "config": {},
              "type": "minecraft:top_solid_heightmap"
            }
          },
          "type": "minecraft:decorated"
        }
      },
      "type": "minecraft:decorated"
    },
    "decorator": {
      "config": {
        "chance": 10      },
      "type": "minecraft:chance"
    }
  },
  "type": "minecraft:decorated"
}