{
  "scale": 0.0,
  "effects": {
    "mood_sound": {
      "sound": "minecraft:ambient.cave",
      "tick_delay": 6000,
      "block_search_extent": 8,
      "offset": 2.0
    },
    "grass_color": 5050368,
    "sky_color": 8816262,
    "fog_color": 8816262,
    "water_color": 8816262,
    "water_fog_color": 8816262
  
  },
  "surface_builder": "underworld:cliffs",
  "carvers": {},
  "features": [
    [],
    [],
    [],
    [],
    [      "minecraft:small_basalt_columns"
      ],
    [],
    [],
    [
      "underworld:base_basalt"
    ]
  ],
  "starts": [
],
  "spawners": {
    "monster": [
],
    "creature": [],
    "ambient": [],
    "water_creature": [],
    "water_ambient": [],
    "misc": []
  },
  "spawn_costs": {},
  "player_spawn_friendly": false,
  "precipitation": "rain",
  "temperature": 0.5,
  "downfall": 0.5,
  "category": "nether",
  "depth": 1.0
}