{
  "scale": 0.0,
  "effects": {
    "mood_sound": {
      "sound": "minecraft:ambient.crimson_forest.mood",
      "tick_delay": 6000,
      "block_search_extent": 8,
      "offset": 2.0
    },
    "additions_sound": {
      "sound": "minecraft:ambient.crimson_forest.additions",
      "tick_chance": 0.0111
    },
    "music": {
      "sound": "minecraft:music.nether.crimson_forest",
      "min_delay": 12000,
      "max_delay": 24000,
      "replace_current_music": false
    },
    "particle": {},
    "ambient_sound": "minecraft:ambient.crimson_forest.loop",
    "grass_color": 12132112,
    "sky_color": 8816262,
    "fog_color": 8816262,
    "water_color": 8816262,
    "water_fog_color": 8816262
  },
  "surface_builder": "minecraft:crimson_forest",
  "carvers": {
    "air": [
      "minecraft:cave"
    ]
  },
  "features": [
    [],
    [],
    [],
    [],
    [],
    [],
    [],
    [
      "underworld:base_basalt"
    ],
    [
      "underworld:patch_crimson_roots"
    ]
  ],
  "starts": [

    "minecraft:ruined_portal_nether",
    "minecraft:fortress",
    "minecraft:bastion_remnant"
  ],
  "spawners": {
    "monster": [
      {

        "type": "minecraft:piglin",
        "weight": 5,
        "minCount": 3,
        "maxCount": 4
      }
    ],
    "creature": [
      {
        "type": "minecraft:strider",
        "weight": 60,
        "minCount": 1,
        "maxCount": 2
      }
    ],
    "ambient": [],
    "water_creature": [],
    "water_ambient": [],
    "misc": []
  },
  "spawn_costs": {},
  "player_spawn_friendly": false,
  "precipitation": "rain",
  "temperature": 0.3,
  "downfall": 0.0,
  "category": "nether",
  "depth": 1.0
}