{
  "config": {
    "feature": {
      "config": {
        "feature": {
          "config": {
            "features": [
              {
                "feature": {
                  "config": {
                    "max_water_depth": 0,
                    "ignore_vines": true,
                    "heightmap": "OCEAN_FLOOR",
                    "minimum_size": {
                      "limit": 2,
                      "lower_size": 0,
                      "upper_size": 2,
                      "type": "minecraft:two_layers_feature_size"
                    },
                    "decorators": [
                      {
                        "provider": {
                          "state": {
                            "Properties": {
                              "snowy": "false"
                            },
                            "Name": "minecraft:grass_block"
                          },
                          "type": "minecraft:simple_state_provider"
                        },
                        "type": "minecraft:alter_ground"
                      }
                    ],
                    "trunk_provider": {
                      "state": {
                        "Properties": {
                          "east": "none",
                          "north": "none",
                          "south": "none",
                          "west": "none",
                          "up": "true",
                          "waterlogged": "false"
                        },
                        "Name": "minecraft:diorite_wall"
                      },
                      "type": "minecraft:simple_state_provider"
                    },
                    "leaves_provider": {
                      "state": {
                        "Name": "minecraft:orange_wool"
                      },
                      "type": "minecraft:simple_state_provider"
                    },
                    "foliage_placer": {
                      "radius": 2,
                      "offset": 0,
                      "height": 3,
                      "type": "minecraft:pine_foliage_placer"
                    },
                    "trunk_placer": {
                      "base_height": 9,
                      "height_rand_a": 2,
                      "height_rand_b": 0,
                      "type": "minecraft:straight_trunk_placer"
                    }
                  },
                  "type": "minecraft:tree"
                },
                "chance": 0.4
              },
              {
                "feature": {
                  "config": {
                    "max_water_depth": 0,
                    "ignore_vines": true,
                    "heightmap": "OCEAN_FLOOR",
                    "minimum_size": {
                      "limit": 2,
                      "lower_size": 0,
                      "upper_size": 2,
                      "type": "minecraft:two_layers_feature_size"
                    },
                    "decorators": [
                      {
                        "provider": {
                          "state": {
                            "Properties": {
                              "snowy": "false"
                            },
                            "Name": "minecraft:grass_block"
                          },
                          "type": "minecraft:simple_state_provider"
                        },
                        "type": "minecraft:alter_ground"
                      }
                    ],
                    "trunk_provider": {
                      "state": {
                        "Properties": {
                          "east": "none",
                          "north": "none",
                          "south": "none",
                          "west": "none",
                          "up": "true",
                          "waterlogged": "false"
                        },
                        "Name": "minecraft:diorite_wall"
                      },
                      "type": "minecraft:simple_state_provider"
                    },
                    "leaves_provider": {
                      "state": {
                        "Name": "minecraft:yellow_wool"
                      },
                      "type": "minecraft:simple_state_provider"
                    },
                    "foliage_placer": {
                      "radius": 2,
                      "offset": 0,
                      "height": 3,
                      "type": "minecraft:pine_foliage_placer"
                    },
                    "trunk_placer": {
                      "base_height": 9,
                      "height_rand_a": 2,
                      "height_rand_b": 0,
                      "type": "minecraft:straight_trunk_placer"
                    }
                  },
                  "type": "minecraft:tree"
                },
                "chance": 0.35
              },
              {
                "feature": {
                  "config": {
                    "max_water_depth": 0,
                    "ignore_vines": true,
                    "heightmap": "OCEAN_FLOOR",
                    "minimum_size": {
                      "limit": 2,
                      "lower_size": 0,
                      "upper_size": 2,
                      "type": "minecraft:two_layers_feature_size"
                    },
                    "decorators": [
                      {
                        "provider": {
                          "state": {
                            "Properties": {
                              "snowy": "false"
                            },
                            "Name": "minecraft:grass_block"
                          },
                          "type": "minecraft:simple_state_provider"
                        },
                        "type": "minecraft:alter_ground"
                      }
                    ],
                    "trunk_provider": {
                      "state": {
                        "Properties": {
                          "east": "none",
                          "north": "none",
                          "south": "none",
                          "west": "none",
                          "up": "true",
                          "waterlogged": "false"
                        },
                        "Name": "minecraft:diorite_wall"
                      },
                      "type": "minecraft:simple_state_provider"
                    },
                    "leaves_provider": {
                      "state": {
                        "Name": "minecraft:magenta_wool"
                      },
                      "type": "minecraft:simple_state_provider"
                    },
                    "foliage_placer": {
                      "radius": 2,
                      "offset": 0,
                      "height": 3,
                      "type": "minecraft:pine_foliage_placer"
                    },
                    "trunk_placer": {
                      "base_height": 9,
                      "height_rand_a": 2,
                      "height_rand_b": 0,
                      "type": "minecraft:straight_trunk_placer"
                    }
                  },
                  "type": "minecraft:tree"
                },
                "chance": 0.3
              },
              {
                "feature": {
                  "config": {
                    "max_water_depth": 0,
                    "ignore_vines": true,
                    "heightmap": "OCEAN_FLOOR",
                    "minimum_size": {
                      "limit": 2,
                      "lower_size": 0,
                      "upper_size": 2,
                      "type": "minecraft:two_layers_feature_size"
                    },
                    "decorators": [
                      {
                        "provider": {
                          "state": {
                            "Properties": {
                              "snowy": "false"
                            },
                            "Name": "minecraft:grass_block"
                          },
                          "type": "minecraft:simple_state_provider"
                        },
                        "type": "minecraft:alter_ground"
                      }
                    ],
                    "trunk_provider": {
                      "state": {
                        "Properties": {
                          "east": "none",
                          "north": "none",
                          "south": "none",
                          "west": "none",
                          "up": "true",
                          "waterlogged": "false"
                        },
                        "Name": "minecraft:diorite_wall"
                      },
                      "type": "minecraft:simple_state_provider"
                    },
                    "leaves_provider": {
                      "state": {
                        "Name": "minecraft:pink_wool"
                      },
                      "type": "minecraft:simple_state_provider"
                    },
                    "foliage_placer": {
                      "radius": 2,
                      "offset": 0,
                      "height": 3,
                      "type": "minecraft:pine_foliage_placer"
                    },
                    "trunk_placer": {
                      "base_height": 9,
                      "height_rand_a": 2,
                      "height_rand_b": 0,
                      "type": "minecraft:straight_trunk_placer"
                    }
                  },
                  "type": "minecraft:tree"
                },
                "chance": 0.1
              }
            ],
            "default": {
              "config": {
                "max_water_depth": 0,
                "ignore_vines": true,
                "heightmap": "OCEAN_FLOOR",
                "minimum_size": {
                  "limit": 2,
                  "lower_size": 0,
                  "upper_size": 2,
                  "type": "minecraft:two_layers_feature_size"
                },
                "decorators": [
                  {
                    "provider": {
                      "state": {
                        "Properties": {
                          "snowy": "false"
                        },
                        "Name": "minecraft:grass_block"
                      },
                      "type": "minecraft:simple_state_provider"
                    },
                    "type": "minecraft:alter_ground"
                  }
                ],
                "trunk_provider": {
                  "state": {
                    "Properties": {
                      "east": "none",
                      "north": "none",
                      "south": "none",
                      "west": "none",
                      "up": "true",
                      "waterlogged": "false"
                    },
                    "Name": "minecraft:diorite_wall"
                  },
                  "type": "minecraft:simple_state_provider"
                },
                "leaves_provider": {
                  "state": {
                    "Name": "minecraft:red_wool"
                  },
                  "type": "minecraft:simple_state_provider"
                },
                "foliage_placer": {
                  "radius": 2,
                  "offset": 0,
                  "height": 3,
                  "type": "minecraft:pine_foliage_placer"
                },
                "trunk_placer": {
                  "base_height": 9,
                  "height_rand_a": 2,
                  "height_rand_b": 0,
                  "type": "minecraft:straight_trunk_placer"
                }
              },
              "type": "minecraft:tree"
            }
          },
          "type": "minecraft:random_selector"
        },
        "decorator": {
          "config": {
            "outer": {
              "config": {},
              "type": "minecraft:square"
            },
            "inner": {
              "config": {},
              "type": "minecraft:heightmap"
            }
          },
          "type": "minecraft:decorated"
        }
      },
      "type": "minecraft:decorated"
    },
    "decorator": {
      "config": {
        "noise_to_count_ratio": 20,
        "noise_factor": 30.0,
        "noise_offset": 0.4
      },
      "type": "minecraft:count_noise_biased"
    }
  },
  "type": "minecraft:decorated"
}