{
  "config": {
    "feature": {
      "config": {
        "feature": {
          "config": {
            "probability": 0.1
          },
          "type": "minecraft:bamboo"
        },
        "decorator": {
          "config": {
            "outer": {
              "config": {},
              "type": "minecraft:square"
            },
            "inner": {
              "config": {},
              "type": "minecraft:heightmap_world_surface"
            }
          },
          "type": "minecraft:decorated"
        }
      },
      "type": "minecraft:decorated"
    },
    "decorator": {
      "config": {
        "count": 0,
        "extra_chance": 0.075,
        "extra_count": 64
      },
      "type": "minecraft:count_extra"
    }
  },
  "type": "minecraft:decorated"
}