{
  "config": {
    "feature": {
      "config": {
        "feature": {
          "config": {
            "target": {
              "tag": "mmb:volcano_ore",
              "predicate_type": "minecraft:tag_match"
            },
            "state": {
              "Properties": {
                "axis": "y"
              },
              "Name": "minecraft:basalt"
            },
            "size": 16
          },
          "type": "minecraft:ore"
        },
        "decorator": {
          "config": {
            "outer": {
              "config": {},
              "type": "minecraft:square"
            },
            "inner": {
              "config": {},
              "type": "minecraft:heightmap"
            }
          },
          "type": "minecraft:decorated"
        }
      },
      "type": "minecraft:decorated"
    },
    "decorator": {
      "config": {
        "count": 128
      },
      "type": "minecraft:count"
    }
  },
  "type": "minecraft:decorated"
}