{
  "config": {
    "feature": {
      "config": {
        "feature": {
          "config": {
            "feature": {
              "config": {
                "features": [
                  {
                    "feature": {
                      "config": {
                        "target": {
                          "block": "minecraft:blackstone",
                          "predicate_type": "minecraft:block_match"
                        },
                        "state": {
                          "Properties": {
                            "snowy": "false"
                          },
                          "Name": "minecraft:mycelium"
                        },
                        "size": 12
                      },
                      "type": "minecraft:ore"
                    },
                    "chance": 0.5
                  }
                ],
                "default": {
                  "config": {
                    "max_water_depth": 0,
                    "ignore_vines": true,
                    "heightmap": "MOTION_BLOCKING",
                    "minimum_size": {
                      "limit": 1,
                      "lower_size": 0,
                      "upper_size": 1,
                      "type": "minecraft:two_layers_feature_size"
                    },
                    "decorators": [
                      {
                        "provider": {
                          "state": {
                            "Properties": {
                              "level": "0"
                            },
                            "Name": "minecraft:lava"
                          },
                          "type": "minecraft:simple_state_provider"
                        },
                        "type": "minecraft:alter_ground"
                      }
                    ],
                    "trunk_provider": {
                      "state": {
                        "Properties": {
                          "level": "0"
                        },
                        "Name": "minecraft:lava"
                      },
                      "type": "minecraft:simple_state_provider"
                    },
                    "leaves_provider": {
                      "entries": [
                        {
                          "weight": 20,
                          "data": {
                            "Name": "minecraft:blackstone"
                          }
                        },
                        {
                          "weight": 2,
                          "data": {
                            "Name": "minecraft:obsidian"
                          }
                        },
                        {
                          "weight": 3,
                          "data": {
                            "Name": "minecraft:magma_block"
                          }
                        },
                        {
                          "weight": 1,
                          "data": {
                            "Name": "minecraft:iron_ore"
                          }
                        }
                      ],
                      "type": "minecraft:weighted_state_provider"
                    },
                    "foliage_placer": {
                      "radius": 1,
                      "offset": 0,
                      "height": 16,
                      "type": "minecraft:blob_foliage_placer"
                    },
                    "trunk_placer": {
                      "base_height": 9,
                      "height_rand_a": 2,
                      "height_rand_b": 1,
                      "type": "minecraft:straight_trunk_placer"
                    }
                  },
                  "type": "minecraft:tree"
                }
              },
              "type": "minecraft:random_selector"
            },
            "decorator": {
              "config": {
                "count": 32
              },
              "type": "minecraft:count"
            }
          },
          "type": "minecraft:decorated"
        },
        "decorator": {
          "config": {
            "outer": {
              "config": {},
              "type": "minecraft:square"
            },
            "inner": {
              "config": {},
              "type": "minecraft:heightmap_world_surface"
            }
          },
          "type": "minecraft:decorated"
        }
      },
      "type": "minecraft:decorated"
    },
    "decorator": {
      "config": {
        "count": 0,
        "extra_chance": 0.125,
        "extra_count": 1
      },
      "type": "minecraft:count_extra"
    }
  },
  "type": "minecraft:decorated"
}