{
  "config": {
    "feature": {
      "config": {
        "feature": {
          "config": {
            "feature": {
              "config": {
                "can_replace": false,
                "project": false,
                "need_water": false,
                "xspread": 7,
                "yspread": 3,
                "zspread": 7,
                "whitelist": [
                  {
                    "Properties": {
                      "snowy": "false"
                    },
                    "Name": "minecraft:grass_block"
                  }
                ],
                "blacklist": [],
                "tries": 1,
                "state_provider": {
                  "entries": [
                    {
                      "weight": 2,
                      "data": {
                        "Properties": {
                          "facing": "east"
                        },
                        "Name": "minecraft:jack_o_lantern"
                      }
                    },
                    {
                      "weight": 1,
                      "data": {
                        "Properties": {
                          "facing": "east"
                        },
                        "Name": "minecraft:carved_pumpkin"
                      }
                    },
                    {
                      "weight": 2,
                      "data": {
                        "Properties": {
                          "facing": "north"
                        },
                        "Name": "minecraft:jack_o_lantern"
                      }
                    },
                    {
                      "weight": 1,
                      "data": {
                        "Properties": {
                          "facing": "north"
                        },
                        "Name": "minecraft:carved_pumpkin"
                      }
                    },
                    {
                      "weight": 2,
                      "data": {
                        "Properties": {
                          "facing": "west"
                        },
                        "Name": "minecraft:jack_o_lantern"
                      }
                    },
                    {
                      "weight": 1,
                      "data": {
                        "Properties": {
                          "facing": "west"
                        },
                        "Name": "minecraft:carved_pumpkin"
                      }
                    },
                    {
                      "weight": 2,
                      "data": {
                        "Properties": {
                          "facing": "south"
                        },
                        "Name": "minecraft:jack_o_lantern"
                      }
                    },
                    {
                      "weight": 1,
                      "data": {
                        "Properties": {
                          "facing": "south"
                        },
                        "Name": "minecraft:carved_pumpkin"
                      }
                    }
                  ],
                  "type": "minecraft:weighted_state_provider"
                },
                "block_placer": {
                  "type": "minecraft:simple_block_placer"
                }
              },
              "type": "minecraft:random_patch"
            },
            "decorator": {
              "config": {
                "count": 64
              },
              "type": "minecraft:count"
            }
          },
          "type": "minecraft:decorated"
        },
        "decorator": {
          "config": {
            "outer": {
              "config": {},
              "type": "minecraft:square"
            },
            "inner": {
              "config": {},
              "type": "minecraft:heightmap"
            }
          },
          "type": "minecraft:decorated"
        }
      },
      "type": "minecraft:decorated"
    },
    "decorator": {
      "config": {
        "chance": 8
      },
      "type": "minecraft:chance"
    }
  },
  "type": "minecraft:decorated"
}