{
  "config": {
    "feature": {
      "config": {
        "feature": {
          "config": {
            "max_water_depth": 0,
            "ignore_vines": true,
            "heightmap": "OCEAN_FLOOR",
            "minimum_size": {
              "limit": 1,
              "lower_size": 0,
              "upper_size": 1,
              "type": "minecraft:two_layers_feature_size"
            },
            "decorators": [],
            "trunk_provider": {
              "entries": [
                {
                  "weight": 12,
                  "data": {
                    "Name": "minecraft:obsidian"
                  }
                },
                {
                  "weight": 3,
                  "data": {
                    "Name": "minecraft:crying_obsidian"
                  }
                },
                {
                  "weight": 1,
                  "data": {
                    "Name": "minecraft:magma_block"
                  }
                }
              ],
              "type": "minecraft:weighted_state_provider"
            },
            "leaves_provider": {
              "entries": [
                {
                  "weight": 12,
                  "data": {
                    "Name": "minecraft:obsidian"
                  }
                },
                {
                  "weight": 3,
                  "data": {
                    "Name": "minecraft:crying_obsidian"
                  }
                },
                {
                  "weight": 1,
                  "data": {
                    "Name": "minecraft:magma_block"
                  }
                }
              ],
              "type": "minecraft:weighted_state_provider"
            },
            "foliage_placer": {
              "radius": 1,
              "offset": 0,
              "height": 16,
              "type": "minecraft:blob_foliage_placer"
            },
            "trunk_placer": {
              "base_height": 5,
              "height_rand_a": 1,
              "height_rand_b": 1,
              "type": "minecraft:straight_trunk_placer"
            }
          },
          "type": "minecraft:tree"
        },
        "decorator": {
          "config": {
            "outer": {
              "config": {},
              "type": "minecraft:square"
            },
            "inner": {
              "config": {},
              "type": "minecraft:heightmap"
            }
          },
          "type": "minecraft:decorated"
        }
      },
      "type": "minecraft:decorated"
    },
    "decorator": {
      "config": {
        "chance": 20
      },
      "type": "minecraft:chance"
    }
  },
  "type": "minecraft:decorated"
}