{
  "config": {
    "feature": {
      "config": {
        "feature": {
          "config": {
            "features": [
              {
                "feature": {
                  "config": {
                    "max_water_depth": 0,
                    "ignore_vines": true,
                    "heightmap": "OCEAN_FLOOR",
                    "minimum_size": {
                      "limit": 0,
                      "lower_size": 0,
                      "upper_size": 2,
                      "type": "minecraft:two_layers_feature_size"
                    },
                    "decorators": [],
                    "trunk_provider": {
                      "state": {
                        "Properties": {
                          "axis": "y"
                        },
                        "Name": "minecraft:dark_oak_log"
                      },
                      "type": "minecraft:simple_state_provider"
                    },
                    "leaves_provider": {
                      "state": {
                        "Properties": {
                          "persistent": "false",
                          "distance": "7"
                        },
                        "Name": "minecraft:acacia_leaves"
                      },
                      "type": "minecraft:simple_state_provider"
                    },
                    "foliage_placer": {
                      "radius": 4,
                      "offset": {
                        "base": 0,
                        "spread": 1
                      },
                      "trunk_height": 6,
                      "type": "minecraft:spruce_foliage_placer"
                    },
                    "trunk_placer": {
                      "base_height": 8,
                      "height_rand_a": 1,
                      "height_rand_b": 1,
                      "type": "minecraft:straight_trunk_placer"
                    }
                  },
                  "type": "minecraft:tree"
                },
                "chance": 0.6
              },
              {
                "feature": {
                  "config": {
                    "max_water_depth": 0,
                    "ignore_vines": true,
                    "heightmap": "OCEAN_FLOOR",
                    "minimum_size": {
                      "middle_size": 1,
                      "upper_size": 2,
                      "limit": 0,
                      "upper_limit": 1,
                      "lower_size": 0,
                      "type": "minecraft:three_layers_feature_size"
                    },
                    "decorators": [
                      {
                        "type": "minecraft:leave_vine"
                      }
                    ],
                    "trunk_provider": {
                      "state": {
                        "Properties": {
                          "axis": "y"
                        },
                        "Name": "minecraft:dark_oak_log"
                      },
                      "type": "minecraft:simple_state_provider"
                    },
                    "leaves_provider": {
                      "state": {
                        "Properties": {
                          "persistent": "false",
                          "distance": "7"
                        },
                        "Name": "minecraft:dark_oak_leaves"
                      },
                      "type": "minecraft:simple_state_provider"
                    },
                    "foliage_placer": {
                      "radius": 1,
                      "offset": 0,
                      "type": "minecraft:dark_oak_foliage_placer"
                    },
                    "trunk_placer": {
                      "base_height": 7,
                      "height_rand_a": 2,
                      "height_rand_b": 2,
                      "type": "minecraft:dark_oak_trunk_placer"
                    }
                  },
                  "type": "minecraft:tree"
                },
                "chance": 0.3
              },
              {
                "feature": {
                  "config": {
                    "max_water_depth": 0,
                    "ignore_vines": true,
                    "heightmap": "OCEAN_FLOOR",
                    "minimum_size": {
                      "limit": 0,
                      "lower_size": 0,
                      "upper_size": 0,
                      "min_clipped_height": 4,
                      "type": "minecraft:two_layers_feature_size"
                    },
                    "decorators": [
                      {
                        "type": "minecraft:trunk_vine"
                      }
                    ],
                    "trunk_provider": {
                      "state": {
                        "Properties": {
                          "axis": "y"
                        },
                        "Name": "minecraft:dark_oak_log"
                      },
                      "type": "minecraft:simple_state_provider"
                    },
                    "leaves_provider": {
                      "state": {
                        "Name": "minecraft:air"
                      },
                      "type": "minecraft:simple_state_provider"
                    },
                    "foliage_placer": {
                      "radius": 0,
                      "offset": 0,
                      "height": 0,
                      "type": "minecraft:fancy_foliage_placer"
                    },
                    "trunk_placer": {
                      "base_height": 10,
                      "height_rand_a": 4,
                      "height_rand_b": 4,
                      "type": "minecraft:fancy_trunk_placer"
                    }
                  },
                  "type": "minecraft:tree"
                },
                "chance": 0.3
              },
              {
                "feature": {
                  "config": {
                    "max_water_depth": 0,
                    "ignore_vines": true,
                    "heightmap": "OCEAN_FLOOR",
                    "minimum_size": {
                      "limit": 0,
                      "lower_size": 0,
                      "upper_size": 0,
                      "min_clipped_height": 4,
                      "type": "minecraft:two_layers_feature_size"
                    },
                    "decorators": [],
                    "trunk_provider": {
                      "state": {
                        "Properties": {
                          "axis": "y"
                        },
                        "Name": "minecraft:dark_oak_log"
                      },
                      "type": "minecraft:simple_state_provider"
                    },
                    "leaves_provider": {
                      "state": {
                        "Name": "minecraft:air"
                      },
                      "type": "minecraft:simple_state_provider"
                    },
                    "foliage_placer": {
                      "radius": 0,
                      "offset": 0,
                      "height": 0,
                      "type": "minecraft:fancy_foliage_placer"
                    },
                    "trunk_placer": {
                      "base_height": 10,
                      "height_rand_a": 4,
                      "height_rand_b": 4,
                      "type": "minecraft:fancy_trunk_placer"
                    }
                  },
                  "type": "minecraft:tree"
                },
                "chance": 0.65
              }
            ],
            "default": {
              "config": {
                "max_water_depth": 0,
                "ignore_vines": true,
                "heightmap": "OCEAN_FLOOR",
                "minimum_size": {
                  "limit": 0,
                  "lower_size": 0,
                  "upper_size": 0,
                  "min_clipped_height": 4,
                  "type": "minecraft:two_layers_feature_size"
                },
                "decorators": [],
                "trunk_provider": {
                  "state": {
                    "Properties": {
                      "axis": "y"
                    },
                    "Name": "minecraft:stripped_spruce_log"
                  },
                  "type": "minecraft:simple_state_provider"
                },
                "leaves_provider": {
                  "state": {
                    "Name": "minecraft:air"
                  },
                  "type": "minecraft:simple_state_provider"
                },
                "foliage_placer": {
                  "radius": 0,
                  "offset": 0,
                  "height": 0,
                  "type": "minecraft:fancy_foliage_placer"
                },
                "trunk_placer": {
                  "base_height": 9,
                  "height_rand_a": 3,
                  "height_rand_b": 3,
                  "type": "minecraft:fancy_trunk_placer"
                }
              },
              "type": "minecraft:tree"
            }
          },
          "type": "minecraft:random_selector"
        },
        "decorator": {
          "config": {
            "outer": {
              "config": {},
              "type": "minecraft:square"
            },
            "inner": {
              "config": {},
              "type": "minecraft:heightmap"
            }
          },
          "type": "minecraft:decorated"
        }
      },
      "type": "minecraft:decorated"
    },
    "decorator": {
      "config": {
        "count": 10,
        "extra_chance": 0.2,
        "extra_count": 4
      },
      "type": "minecraft:count_extra"
    }
  },
  "type": "minecraft:decorated"
}