{
  "config": {
    "feature": {
      "config": {
        "to_place": {
          "Name": "minecraft:grass"
        },
        "place_on": [
          {
            "Name": "minecraft:gravel"
          }
        ],
        "place_in": [
          {
            "Name": "minecraft:air"
          }
        ],
        "place_under": [
          {
            "Name": "minecraft:air"
          }
        ]
      },
      "type": "minecraft:simple_block"
    },
    "decorator": {
      "config": {
        "outer": {
          "config": {},
          "type": "minecraft:square"
        },
        "inner": {
          "config": {},
          "type": "minecraft:heightmap"
        }
      },
      "type": "minecraft:decorated"
    }
  },
  "type": "minecraft:decorated"
}