{
  "type": "minecraft:chest",
  "pools": [
    {
      "rolls": {
        "min": 5,
        "max": 7
      },
      "entries": [
        {
          "type": "minecraft:item",
          "name": "snowball",
          "weight": 12,
          "functions": [
            {
              "function": "minecraft:set_count",
              "count": {
                "min": 2,
                "max": 7
              }
            }
          ]
        },
        {
          "type": "minecraft:item",
          "name": "gunpowder",
          "weight": 8,
          "functions": [
            {
              "function": "minecraft:set_count",
              "count": {
                "min": 2,
                "max": 5
              }
            }
          ]
        },
        {
          "type": "minecraft:item",
          "name": "iron_ingot",
          "weight": 1,
          "functions": [
            {
              "function": "minecraft:set_count",
              "count": {
                "min": 1,
                "max": 2
              }
            }
          ]
        },
        {
          "type": "minecraft:item",
          "name": "tipped_arrow",
          "weight": 5,
          "functions": [
            {
              "function": "minecraft:set_count",
              "count": {
                "min": 3,
                "max": 5
              }
            },
            {
              "function": "minecraft:set_nbt",
              "tag": "{Potion:\"minecraft:slowness\"}"
            }
          ]
        },
        {
          "type": "minecraft:item",
          "name": "beetroot_soup",
          "weight": 3
        }
      ]
    }
  ]
}